"alt","consurf_score","htsp_status"
"S287*",1.488,"non"
"Q219fs*10",0.409,"non"
"H93R",-1.308,"non"
"R233*",0.547,"non"
"N323fs*2",2.746,"non"
"K260fs*6",0.245,"non"
"R130P",-1.372,"htsp"
"A126S",-1.195,"htsp"
"R335*",NA,"non"
"G127E",-1.353,"htsp"
"Q245*",1.095,"non"
"F278fs*13",-0.167,"non"
"R233*",0.547,"non"
"Y68*",-0.549,"htsp"
"K313S",1.874,"non"
"A148S",-0.769,"non"
"Y65*",-0.965,"non"
"N323fs*2",2.746,"non"
"I32S",-0.504,"non"
"K128E",-1.277,"htsp"
"A39fs*15",-0.898,"non"
"E307fs*1",-1.094,"non"
"M134fs*1",-1.021,"htsp"
"F154S",1.202,"non"
"D326fs*18",0,"non"
"G127E",-1.353,"htsp"
"R233*",0.547,"non"
"L57fs*42",-1.007,"non"
"T319fs*1",-0.124,"non"
"N117S",1.149,"non"
"Q171*",-1.351,"htsp"
"P96fs*11",-1.133,"htsp"
"N12S",-0.414,"non"
"G44D",0.491,"non"
"Y138C",-0.248,"htsp"
"P246L",1.265,"htsp"
"G165*",-1.267,"htsp"
"R130*",-1.372,"htsp"
"G132S",-1.313,"htsp"
"N69Y",-1.353,"non"
"L25fs*19",-1.27,"non"
"Y16*",-0.361,"non"
"R130*",-1.372,"htsp"
"R233*",0.547,"non"
"V275fs*1",-0.781,"non"
"K267fs*9",0.005,"non"
"R130*",-1.372,"htsp"
"Y16fs*1",-0.361,"non"
"E288K",2.307,"non"
"L140*",-0.642,"non"
"N184fs*6",0.89,"non"
"V133I",-0.452,"non"
"C105W",-0.593,"htsp"
"R130*",-1.372,"htsp"
"Y225*",0.509,"non"
"R130Q",-1.372,"htsp"
"H123D",-1.332,"htsp"
"R173C",-1.306,"htsp"
"L42P",0.914,"non"
"C136Y",-0.617,"non"
"H64fs*10",-0.27,"non"
"G36V",-0.874,"non"
"Y336*",NA,"non"
"Y225*",0.509,"non"
"E314fs*11",-0.798,"non"
"T319fs*1",-0.124,"non"
"R173C",-1.306,"htsp"
"M35V",-1.347,"htsp"
"Y138C",-0.248,"htsp"
"V85I",-1.005,"non"
"P95S",-0.618,"htsp"
"N323fs*2",2.746,"non"
"I135V",-0.668,"non"
"F154I",1.202,"non"
"G129R",-1.268,"htsp"
"R233*",0.547,"non"
"R130G",-1.372,"htsp"
"F241fs*15",0.082,"non"
"L23fs*1",-1.236,"non"
"E7*",NA,"non"
"D268fs*30",0.379,"non"
"I135V",-0.668,"non"
"G251D",-0.744,"non"
"C136Y",-0.617,"non"
"R335fs*8",NA,"non"
"R130*",-1.372,"htsp"
"R233*",0.547,"non"
"M35V",-1.347,"htsp"
"Y68C",-0.549,"htsp"
"Y68H",-0.549,"htsp"
"R130*",-1.372,"htsp"
"Y138D",-0.248,"htsp"
"D22Y",-0.944,"non"
"Y16*",-0.361,"non"
"Q245*",1.095,"non"
"L25F",-1.27,"non"
"R130*",-1.372,"htsp"
"L23V",-1.236,"non"
"R130G",-1.372,"htsp"
"T319fs*1",-0.124,"non"
"I300fs*7",0.789,"non"
"R233*",0.547,"non"
"T319fs*1",-0.124,"non"
"I28M",-1.047,"non"
"N48S",-1.378,"non"
"R130Q",-1.372,"htsp"
"R233*",0.547,"non"
"R47G",-1.353,"htsp"
"W111R",-0.349,"non"
"T319fs*1",-0.124,"non"
"F206fs*16",0.341,"non"
"R130*",-1.372,"htsp"
"L146fs*1",2.672,"non"
"T319fs*1",-0.124,"non"
"D107fs*2",-0.289,"non"
"R130Q",-1.372,"htsp"
"L194fs*5",2,"non"
"R15S",-1.273,"non"
"L100P",-0.255,"non"
"R159G",-1.33,"htsp"
"R233*",0.547,"non"
"E7fs*17",NA,"non"
"R55fs*10",-0.413,"non"
"T277fs*21",-1.198,"htsp"
"N323fs*21",2.746,"non"
"C105G",-0.593,"htsp"
"C105W",-0.593,"htsp"
"R173H",-1.306,"htsp"
"V119G",-0.944,"non"
"R173C",-1.306,"htsp"
"R233*",0.547,"non"
"R233*",0.547,"non"
"R130Q",-1.372,"htsp"
"R233*",0.547,"non"
"K66M",-0.415,"htsp"
"S338fs*5",NA,"non"
"E299*",-0.877,"non"
"P246L",1.265,"htsp"
"S170I",-1.315,"htsp"
"N48D",-1.378,"non"
"R55W",-0.413,"non"
"R173H",-1.306,"htsp"
"E235*",2.696,"non"
"R130*",-1.372,"htsp"
"P246L",1.265,"htsp"
"R142W",0.117,"htsp"
"N31K",-0.842,"htsp"
"Y155H",-1.019,"htsp"
"R233*",0.547,"non"
"M35I",-1.347,"htsp"
"Q149*",0.912,"non"
"S229*",2.551,"non"
"Y177C",-1.338,"non"
"Y16D",-0.361,"non"
"N69Y",-1.353,"non"
"R335*",NA,"non"
"Y76fs*24",-1.243,"htsp"
"R130*",-1.372,"htsp"
"C124R",-1.352,"htsp"
"K60M",-0.372,"non"
"A72G",-0.97,"non"
"E7K",NA,"non"
"R233*",0.547,"non"
"V249M",-0.199,"non"
"Y27N",-1.233,"htsp"
"T319fs*1",-0.124,"non"
"P246L",1.265,"htsp"
"P38R",-1.324,"htsp"
"G129R",-1.268,"htsp"
"T319fs*6",-0.124,"non"
"R173fs*7",-1.306,"htsp"
"Y138C",-0.248,"htsp"
"R130*",-1.372,"htsp"
"R130*",-1.372,"htsp"
"L345R",NA,"non"
"V166fs*14",-1.003,"non"
"R55T",-0.413,"non"
"R173C",-1.306,"htsp"
"C211*",0.801,"non"
"T131I",-1.341,"htsp"
"W111S",-0.349,"non"
"V217F",-0.494,"non"
"L181P",0.399,"non"
"I32fs*21",-0.504,"non"
"R130*",-1.372,"htsp"
"N323fs*21",2.746,"non"
"D252V",-1.297,"htsp"
"P244fs*12",2.577,"non"
"I306fs*6",-0.191,"non"
"E91fs*9",-0.329,"non"
"R130*",-1.372,"htsp"
"E157fs*23",0.477,"non"
"R130*",-1.372,"htsp"
"I122F",-0.641,"non"
"A39V",-0.898,"non"
"R173C",-1.306,"htsp"
"A126T",-1.195,"htsp"
"R173C",-1.306,"htsp"
"K332fs*10",NA,"non"
"I101N",-0.914,"htsp"
"R15K",-1.273,"non"
"Q261*",0.512,"non"
"H93N",-1.308,"non"
"T319fs*1",-0.124,"non"
"R130Q",-1.372,"htsp"
"Y177C",-1.338,"non"
"R233*",0.547,"non"
"F154fs*21",1.202,"non"
"S305fs*8",-0.734,"non"
"A72fs*29",-0.97,"non"
"M239fs*10",1.103,"non"
"Q214*",1.456,"non"
"R308fs*10",-0.601,"non"
"G36*",-0.874,"non"
"E99*",0.242,"non"
"W111*",-0.349,"non"
"R130L",-1.372,"htsp"
"A151fs*29",-1.029,"non"
"R233*",0.547,"non"
"R173H",-1.306,"htsp"
"R173H",-1.306,"htsp"
"T277I",-1.198,"htsp"
"P204T",-0.86,"non"
"R173H",-1.306,"htsp"
"G132D",-1.313,"htsp"
"L70H",-1.211,"non"
"K66fs*33",-0.415,"htsp"
"G165V",-1.267,"htsp"
"W111*",-0.349,"non"
"G36R",-0.874,"non"
"F21C",-0.77,"non"
"T319fs*1",-0.124,"non"
"R173H",-1.306,"htsp"
"Q149fs*30",0.912,"non"
"R233*",0.547,"non"
"V343fs*1",NA,"non"
"W111*",-0.349,"non"
"T319fs*1",-0.124,"non"
"Q149*",0.912,"non"
"T319fs*1",-0.124,"non"
"H272P",-0.244,"non"
"L152R",-0.481,"non"
"Y27D",-1.233,"htsp"
"C124Y",-1.352,"htsp"
"R378fs*34",NA,"non"
"R130*",-1.372,"htsp"
"Y68*",-0.549,"htsp"
"C136R",-0.617,"non"
"K102fs*11",0.953,"non"
"A148fs*32",-0.769,"non"
"Y27C",-1.233,"htsp"
"R233*",0.547,"non"
"T277A",-1.198,"htsp"
"Q171K",-1.351,"htsp"
"R233*",0.547,"non"
"K402fs*19",NA,"non"
"Y27fs*17",-1.233,"htsp"
"N323fs*2",2.746,"non"
"Y46*",-0.895,"non"
"T348A",NA,"non"
"L146fs*34",2.672,"non"
"K313fs*3",1.874,"non"
"R173C",-1.306,"htsp"
"R173C",-1.306,"htsp"
"R15S",-1.273,"non"
"L108P",-0.766,"non"
"W274*",-0.817,"non"
"Y68C",-0.549,"htsp"
"T319fs*1",-0.124,"non"
"C218W",1.179,"non"
"K125E",-1.137,"non"
"I203fs*39",0.8,"non"
"R130*",-1.372,"htsp"
"R233*",0.547,"non"
"R233*",0.547,"non"
"F258fs*39",1.247,"non"
"R130*",-1.372,"htsp"
"Y27S",-1.233,"htsp"
"Q17*",0.718,"non"
"N323fs*2",2.746,"non"
"I101T",-0.914,"htsp"
"I101T",-0.914,"htsp"
"T319fs*1",-0.124,"non"
"S59*",0.713,"non"
"G165fs*3",-1.267,"htsp"
"L193P",0.135,"non"
"V290fs*8",1.38,"non"
"G36*",-0.874,"non"
"R335*",NA,"non"
"V343L",NA,"non"
"Y155H",-1.019,"htsp"
"Y155C",-1.019,"htsp"
"C136R",-0.617,"non"
"G36E",-0.874,"non"
"R130Q",-1.372,"htsp"
"P96L",-1.133,"htsp"
"K66N",-0.415,"htsp"
"E201*",0.783,"non"
"R173C",-1.306,"htsp"
"T319fs*1",-0.124,"non"
"A86fs*18",0.078,"non"
"R130*",-1.372,"htsp"
"Q149*",0.912,"non"
"M205V",0.741,"non"
"T319fs*1",-0.124,"non"
"R130*",-1.372,"htsp"
"R130Q",-1.372,"htsp"
"G129R",-1.268,"htsp"
"Y27D",-1.233,"htsp"
"Q219*",0.409,"non"
"I224M",0.254,"non"
"T366A",NA,"non"
"R173C",-1.306,"htsp"
"R173C",-1.306,"htsp"
"K13E",-1.059,"non"
"R130*",-1.372,"htsp"
"R233*",0.547,"non"
"R130*",-1.372,"htsp"
"M35V",-1.347,"htsp"
"R173C",-1.306,"htsp"
"W274*",-0.817,"non"
"R130*",-1.372,"htsp"
"R130*",-1.372,"htsp"
"D310G",-0.097,"non"
"M199K",1.156,"non"
"W274*",-0.817,"non"
"R130*",-1.372,"htsp"
"R130*",-1.372,"htsp"
"E284*",1.702,"non"
"L265fs*1",1.267,"non"
"V166fs*14",-1.003,"non"
"A126T",-1.195,"htsp"
"G165V",-1.267,"htsp"
"R130Q",-1.372,"htsp"
"R233*",0.547,"non"
"R173H",-1.306,"htsp"
"E43*",-1.105,"non"
"Y336*",NA,"non"
"E235*",2.696,"non"
"K80fs*19",0.014,"non"
"K344fs*8",NA,"non"
"N323fs*2",2.746,"non"
"E40*",-0.072,"non"
"C136Y",-0.617,"non"
"R159S",-1.33,"htsp"
"R335*",NA,"non"
"Q298K",1.142,"non"
"R335Q",NA,"non"
"E299*",-0.877,"non"
"C136Y",-0.617,"non"
"T319fs*1",-0.124,"non"
"Y155N",-1.019,"htsp"
"Y336*",NA,"non"
"Q298*",1.142,"non"
"M205V",0.741,"non"
"D107A",-0.289,"non"
"D24G",-1.353,"htsp"
"L247*",0.376,"non"
"V166fs*14",-1.003,"non"
"G165R",-1.267,"htsp"
"K330*",-0.468,"non"
"Y155C",-1.019,"htsp"
"V166G",-1.003,"non"
"V249M",-0.199,"non"
"G36V",-0.874,"non"
"P246L",1.265,"htsp"
"V275E",-0.781,"non"
"I33T",-1.221,"htsp"
"E235*",2.696,"non"
"A126T",-1.195,"htsp"
"L320S",-0.513,"non"
"R130*",-1.372,"htsp"
"E291*",0.751,"non"
"R233*",0.547,"non"
"G36R",-0.874,"non"
"Q298K",1.142,"non"
"R130*",-1.372,"htsp"
"P246L",1.265,"htsp"
"T277fs*21",-1.198,"htsp"
"E91fs*1",-0.329,"non"
"Q97*",0.355,"non"
"R173C",-1.306,"htsp"
"S170N",-1.315,"htsp"
"R142W",0.117,"htsp"
"G165*",-1.267,"htsp"
"R130*",-1.372,"htsp"
"T319fs*1",-0.124,"non"
"Y27C",-1.233,"htsp"
"F257L",-0.43,"non"
"N329fs*12",-1.156,"non"
"Y155C",-1.019,"htsp"
"R173C",-1.306,"htsp"
"E256*",0.019,"non"
"Y27C",-1.233,"htsp"
"T319fs*1",-0.124,"non"
"T319fs*1",-0.124,"non"
"R130Q",-1.372,"htsp"
"R130Q",-1.372,"htsp"
"Y76C",-1.243,"htsp"
"G251V",-0.744,"non"
"S170G",-1.315,"htsp"
"L146*",2.672,"non"
"R130Q",-1.372,"htsp"
"P96T",-1.133,"htsp"
"D252V",-1.297,"htsp"
"E235*",2.696,"non"
"P244S",2.577,"non"
"R130Q",-1.372,"htsp"
"L57fs*6",-1.007,"non"
"D162V",-0.442,"non"
"Y346fs*7",NA,"non"
"I122S",-0.641,"non"
"T319fs*1",-0.124,"non"
"T319fs*1",-0.124,"non"
"G36V",-0.874,"non"
"I306fs*6",-0.191,"non"
"G282V",1.408,"non"
"V216fs*27",0.737,"non"
"D268fs*8",0.379,"non"
"G165V",-1.267,"htsp"
"G251V",-0.744,"non"
"V275fs*23",-0.781,"non"
"L186V",1.042,"non"
"G36V",-0.874,"non"
"R130*",-1.372,"htsp"
"I28fs*24",-1.047,"non"
"D24H",-1.353,"htsp"
"P38L",-1.324,"htsp"
"R233*",0.547,"non"
"R233*",0.547,"non"
"Q17*",0.718,"non"
"C296fs*10",0.733,"non"
"R173H",-1.306,"htsp"
"D24E",-1.353,"htsp"
"R335*",NA,"non"
"T277I",-1.198,"htsp"
"T319fs*6",-0.124,"non"
"R173L",-1.306,"htsp"
"D92G",-1.332,"htsp"
"K237fs*6",1.273,"non"
"K13E",-1.059,"non"
"T319fs*2",-0.124,"non"
"R233*",0.547,"non"
"R130Q",-1.372,"htsp"
"R130*",-1.372,"htsp"
"L57fs*6",-1.007,"non"
"P339fs*5",NA,"non"
"D252V",-1.297,"htsp"
"Q245*",1.095,"non"
"Y174*",-1.183,"non"
"S170N",-1.315,"htsp"
"W274*",-0.817,"non"
"I168T",-1.096,"non"
"R130Q",-1.372,"htsp"
"R233*",0.547,"non"
"H118fs*17",-1.144,"non"
"R130Q",-1.372,"htsp"
"L57fs*42",-1.007,"non"
"R173C",-1.306,"htsp"
"K260R",0.245,"non"
"G143fs*4",0.683,"non"
"R130*",-1.372,"htsp"
"Q110*",1.16,"non"
"T319fs*6",-0.124,"non"
"L247*",0.376,"non"
"P95L",-0.618,"htsp"
"T319fs*6",-0.124,"non"
"T277R",-1.198,"htsp"
"C211*",0.801,"non"
"R130*",-1.372,"htsp"
"C136fs*44",-0.617,"non"
"E40*",-0.072,"non"
"D19fs*7",-0.134,"non"
"V166fs*14",-1.003,"non"
"E291A",0.751,"non"
"R234W",0.063,"non"
"Q17*",0.718,"non"
"G230E",1.35,"non"
"K66E",-0.415,"htsp"
"R130fs*4",-1.372,"htsp"
"R14fs*29",-0.171,"non"
"V317fs*3",0.047,"non"
"I101T",-0.914,"htsp"
"V53A",-1.179,"non"
"L25F",-1.27,"non"
"P244fs*12",2.577,"non"
"R41fs*7",-0.255,"non"
"R130*",-1.372,"htsp"
"R233*",0.547,"non"
"R130*",-1.372,"htsp"
"R173H",-1.306,"htsp"
"C136Y",-0.617,"non"
"Q298*",1.142,"non"
"K327*",0.047,"non"
"R234fs*6",0.063,"non"
"Y180*",0.857,"non"
"R233*",0.547,"non"
"W111*",-0.349,"non"
"G127V",-1.353,"htsp"
"R189*",1.192,"non"
"R173C",-1.306,"htsp"
"T319fs*1",-0.124,"non"
"R14fs*10",-0.171,"non"
"T319fs*1",-0.124,"non"
"R233*",0.547,"non"
"R55S",-0.413,"non"
"K66M",-0.415,"htsp"
"N340fs*4",NA,"non"
"V343M",NA,"non"
"T319fs*1",-0.124,"non"
"R173H",-1.306,"htsp"
"G165V",-1.267,"htsp"
"E157*",0.477,"non"
"R173C",-1.306,"htsp"
"Y225*",0.509,"non"
"H93D",-1.308,"non"
"H118fs*16",-1.144,"non"
"T319fs*1",-0.124,"non"
"G165fs*2",-1.267,"htsp"
"M35R",-1.347,"htsp"
"Y336*",NA,"non"
"R159S",-1.33,"htsp"
"G132S",-1.313,"htsp"
"Q298*",1.142,"non"
"K330*",-0.468,"non"
"E314A",-0.798,"non"
"R173P",-1.306,"htsp"
"E291*",0.751,"non"
"D92Y",-1.332,"htsp"
"C136fs*44",-0.617,"non"
"R130*",-1.372,"htsp"
"H123Y",-1.332,"htsp"
"N31I",-0.842,"htsp"
"D92fs*13",-1.332,"htsp"
"D162fs*4",-0.442,"non"
"L146fs*6",2.672,"non"
"Q171*",-1.351,"htsp"
"T319fs*1",-0.124,"non"
"F241L",0.082,"non"
"R173C",-1.306,"htsp"
"S287L",1.488,"non"
"D268fs*10",0.379,"non"
"F195S",-0.486,"non"
"D19fs*2",-0.134,"non"
"Y76H",-1.243,"htsp"
"P246L",1.265,"htsp"
"T319fs*1",-0.124,"non"
"R130L",-1.372,"htsp"
"R130*",-1.372,"htsp"
"R173H",-1.306,"htsp"
"R233*",0.547,"non"
"M134T",-1.021,"htsp"
"W274*",-0.817,"non"
"W111*",-0.349,"non"
"F145I",0.362,"non"
"F341fs*3",NA,"non"
"K6fs*4",NA,"non"
"T319fs*1",-0.124,"non"
"R173C",-1.306,"htsp"
"G165R",-1.267,"htsp"
"G293*",0.807,"non"
"N340fs*4",NA,"non"
"N311fs*2",0.206,"non"
"E43D",-1.105,"non"
"F241L",0.082,"non"
"Y68H",-0.549,"htsp"
"E43K",-1.105,"non"
"C136R",-0.617,"non"
"D268fs*30",0.379,"non"
"L320S",-0.513,"non"
"T131I",-1.341,"htsp"
"R173H",-1.306,"htsp"
"A86V",0.078,"non"
"Y16fs*28",-0.361,"non"
"M35I",-1.347,"htsp"
"L320*",-0.513,"non"
"C136Y",-0.617,"non"
"L186P",1.042,"non"
"E99fs*10",0.242,"non"
"L25fs*1",-1.27,"non"
"I135K",-0.668,"non"
"R142W",0.117,"htsp"
"Q261*",0.512,"non"
"H93Y",-1.308,"non"
"Y27C",-1.233,"htsp"
"E288*",2.307,"non"
"K144fs*3",1.031,"non"
"G165R",-1.267,"htsp"
"D326fs*11",0,"non"
"I253T",-0.553,"non"
"F257L",-0.43,"non"
"A39E",-0.898,"non"
"R130*",-1.372,"htsp"
"D395H",NA,"non"
"I303fs*9",-1.361,"non"
"K254*",-0.768,"non"
"N323fs*2",2.746,"non"
"H272P",-0.244,"non"
"R233*",0.547,"non"
"V290fs*1",1.38,"non"
"Q171R",-1.351,"htsp"
"R130*",-1.372,"htsp"
"D252Y",-1.297,"htsp"
"A333S",NA,"non"
"R173H",-1.306,"htsp"
"D115fs*19",-0.214,"non"
"Q17*",0.718,"non"
"G127E",-1.353,"htsp"
"R335*",NA,"non"
"Y225*",0.509,"non"
"R233*",0.547,"non"
"R173H",-1.306,"htsp"
"T202fs*19",0.211,"non"
"Y27*",-1.233,"htsp"
"E307*",-1.094,"non"
"G132D",-1.313,"htsp"
"R130Q",-1.372,"htsp"
"C136Y",-0.617,"non"
"R130*",-1.372,"htsp"
"F145fs*3",0.362,"non"
"H93R",-1.308,"non"
"R130*",-1.372,"htsp"
"Y76*",-1.243,"htsp"
"V53fs*8",-1.179,"non"
"N184fs*6",0.89,"non"
"H61I",-1.281,"non"
"A79T",0.198,"htsp"
"P38fs*6",-1.324,"htsp"
"Y336*",NA,"non"
"R47K",-1.353,"htsp"
"Y155C",-1.019,"htsp"
"C211fs*32",0.801,"non"
"T319fs*1",-0.124,"non"
"I67R",-0.801,"non"
"R130Q",-1.372,"htsp"
"H93R",-1.308,"non"
"R130*",-1.372,"htsp"
"P95L",-0.618,"htsp"
"V175M",-1.058,"non"
"R130Q",-1.372,"htsp"
"N63I",0.346,"non"
"I135V",-0.668,"non"
"G127E",-1.353,"htsp"
"Q219*",0.409,"non"
"Q214fs*7",1.456,"non"
"L108R",-0.766,"non"
"Y155C",-1.019,"htsp"
"T319fs*1",-0.124,"non"
"R130*",-1.372,"htsp"
"C124Y",-1.352,"htsp"
"W274G",-0.817,"non"
"Q214*",1.456,"non"
"R308C",-0.601,"non"
"R173C",-1.306,"htsp"
"G132S",-1.313,"htsp"
"T319fs*1",-0.124,"non"
"T319fs*1",-0.124,"non"
"L140*",-0.642,"non"
"V166L",-1.003,"non"
"T319fs*1",-0.124,"non"
"R173C",-1.306,"htsp"
"A34P",-1.271,"non"
"R233*",0.547,"non"
"E235*",2.696,"non"
"Y178D",-0.52,"non"
"R233*",0.547,"non"
"E157*",0.477,"non"
"R233*",0.547,"non"
"R14fs*28",-0.171,"non"
"T131S",-1.341,"htsp"
"R335*",NA,"non"
"D326H",0,"non"
"R130*",-1.372,"htsp"
"N323fs*2",2.746,"non"
"K267fs*9",0.005,"non"
"R130*",-1.372,"htsp"
"R173C",-1.306,"htsp"
"R130Q",-1.372,"htsp"
"E157fs*23",0.477,"non"
"Q171*",-1.351,"htsp"
"Y65*",-0.965,"non"
"H123Y",-1.332,"htsp"
"N323fs*2",2.746,"non"
"K254*",-0.768,"non"
"R233*",0.547,"non"
"R233*",0.547,"non"
"T131I",-1.341,"htsp"
"N276S",-1.121,"non"
"M1fs*22",NA,"non"
"R233*",0.547,"non"
"Y16*",-0.361,"non"
"Q261*",0.512,"non"
"Y68*",-0.549,"htsp"
"I101T",-0.914,"htsp"
"T319fs*1",-0.124,"non"
"A39V",-0.898,"non"
"L140*",-0.642,"non"
"R233*",0.547,"non"
"Q17*",0.718,"non"
"R173C",-1.306,"htsp"
"Y16fs*9",-0.361,"non"
"Q110*",1.16,"non"
"L316fs*7",0.673,"non"
"R130Q",-1.372,"htsp"
"L193P",0.135,"non"
"D252Y",-1.297,"htsp"
"R130*",-1.372,"htsp"
"C105fs*8",-0.593,"htsp"
"P367fs*37+",NA,"non"
"T319fs*1",-0.124,"non"
"I303fs*4",-1.361,"non"
"P38L",-1.324,"htsp"
"I33N",-1.221,"htsp"
"K330*",-0.468,"non"
"D236fs*5",1.381,"non"
"E394*",NA,"non"
"S338fs*6",NA,"non"
"R233*",0.547,"non"
"N228S",0.844,"non"
"G129R",-1.268,"htsp"
"H93Y",-1.308,"non"
"G127E",-1.353,"htsp"
"E150D",-0.237,"non"
"Q298*",1.142,"non"
"I122fs*4",-0.641,"non"
"D24G",-1.353,"htsp"
"R47S",-1.353,"htsp"
"R335*",NA,"non"
"P367fs*31+",NA,"non"
"F238fs*1",1.585,"non"
"Y155C",-1.019,"htsp"
"E242fs*9",2.367,"non"
"N69S",-1.353,"non"
"T319fs*1",-0.124,"non"
"L181P",0.399,"non"
"R173C",-1.306,"htsp"
"R41fs*3",-0.255,"non"
"R130*",-1.372,"htsp"
"Q214*",1.456,"non"
"L320fs*1",-0.513,"non"
"Y27C",-1.233,"htsp"
"D92G",-1.332,"htsp"
"Q298*",1.142,"non"
"N31I",-0.842,"htsp"
"E157fs*23",0.477,"non"
"Q261*",0.512,"non"
"T350fs*11",NA,"non"
"R233*",0.547,"non"
"L320*",-0.513,"non"
"I122S",-0.641,"non"
"L193fs*6",0.135,"non"
"C71Y",-1.053,"non"
"M134fs*46",-1.021,"htsp"
"N31D",-0.842,"htsp"
"Y16fs*28",-0.361,"non"
"N31I",-0.842,"htsp"
"K322N",0.615,"non"
"L265V",1.267,"non"
"K6fs*4",NA,"non"
"A126T",-1.195,"htsp"
"T319fs*1",-0.124,"non"
"R233*",0.547,"non"
"E256*",0.019,"non"
"C218*",1.179,"non"
"A126D",-1.195,"htsp"
"C136R",-0.617,"non"
"G36V",-0.874,"non"
"G127R",-1.353,"htsp"
"R47G",-1.353,"htsp"
"K125T",-1.137,"non"
"Y240fs*2",1.892,"non"
"C211*",0.801,"non"
"C211*",0.801,"non"
"V217F",-0.494,"non"
"Q110*",1.16,"non"
"I101V",-0.914,"htsp"
"K183fs*5",0.71,"non"
"D22fs*22",-0.944,"non"
"R233*",0.547,"non"
"T167fs*13",-1.132,"non"
"N184fs*6",0.89,"non"
"E43*",-1.105,"non"
"R159M",-1.33,"htsp"
"L247fs*6",0.376,"non"
"R173C",-1.306,"htsp"
"K13*",-1.059,"non"
"Y16F",-0.361,"non"
"Y176*",0.911,"non"
"Y315fs*10",0.609,"non"
"R173C",-1.306,"htsp"
"T363F",NA,"non"
"R173C",-1.306,"htsp"
"R15I",-1.273,"non"
"T319fs*1",-0.124,"non"
"N334Y",NA,"non"
"L57fs*6",-1.007,"non"
"I32S",-0.504,"non"
"Y336*",NA,"non"
"E235*",2.696,"non"
"Q245*",1.095,"non"
"C211*",0.801,"non"
"R233*",0.547,"non"
"N262fs*35",0.538,"non"
"I28S",-1.047,"non"
"Y16S",-0.361,"non"
"L112V",-0.962,"non"
"F347fs*5",NA,"non"
"R233*",0.547,"non"
"P248fs*5",2.123,"non"
"R130Q",-1.372,"htsp"
"C211fs*1",0.801,"non"
"P246L",1.265,"htsp"
"P95L",-0.618,"htsp"
"Q110*",1.16,"non"
"R130*",-1.372,"htsp"
"V290fs*8",1.38,"non"
"R130Q",-1.372,"htsp"
"T131N",-1.341,"htsp"
"E201*",0.783,"non"
"I101fs*2",-0.914,"htsp"
"Y240*",1.892,"non"
"N323fs*21",2.746,"non"
"R233*",0.547,"non"
"D107N",-0.289,"non"
"G127E",-1.353,"htsp"
"Y177*",-1.338,"non"
"R335*",NA,"non"
"Y68C",-0.549,"htsp"
"G36*",-0.874,"non"
"L247S",0.376,"non"
"Y65*",-0.965,"non"
"L42V",0.914,"non"
"E299*",-0.877,"non"
"K80*",0.014,"non"
"R233*",0.547,"non"
"F341fs*3",NA,"non"
"R142P",0.117,"htsp"
"R41fs*3",-0.255,"non"
"D268fs*30",0.379,"non"
"F81Y",-1.139,"non"
"R130*",-1.372,"htsp"
"Y377fs*1",NA,"non"
"Y27C",-1.233,"htsp"
"R130Q",-1.372,"htsp"
"S229*",2.551,"non"
"Y68H",-0.549,"htsp"
"Q171P",-1.351,"htsp"
"K80*",0.014,"non"
"G129E",-1.268,"htsp"
"Y68H",-0.549,"htsp"
"Y16*",-0.361,"non"
"T319fs*1",-0.124,"non"
"L100fs*10",-0.255,"non"
"V216fs*27",0.737,"non"
"H123Y",-1.332,"htsp"
"L57fs*6",-1.007,"non"
"N323fs*2",2.746,"non"
"L320S",-0.513,"non"
"N323fs*2",2.746,"non"
"F154fs*5",1.202,"non"
"L146fs*34",2.672,"non"
"P38S",-1.324,"htsp"
"R47K",-1.353,"htsp"
"R173H",-1.306,"htsp"
"F347fs*5",NA,"non"
"P246L",1.265,"htsp"
"E201*",0.783,"non"
"S227fs*29",-0.236,"non"
"K128E",-1.277,"htsp"
"S170fs*13",-1.315,"htsp"
"R233*",0.547,"non"
"L320*",-0.513,"non"
"C124G",-1.352,"htsp"
"A126S",-1.195,"htsp"
"E150*",-0.237,"non"
"S229fs*27",2.551,"non"
"D252G",-1.297,"htsp"
"Y68N",-0.549,"htsp"
"P38L",-1.324,"htsp"
"C211*",0.801,"non"
"N323fs*21",2.746,"non"
"Y68H",-0.549,"htsp"
"F278fs*21",-0.167,"non"
"Y65*",-0.965,"non"
"A126D",-1.195,"htsp"
"Y68*",-0.549,"htsp"
"P248fs*5",2.123,"non"
"G44D",0.491,"non"
"D268fs*30",0.379,"non"
"Q171*",-1.351,"htsp"
"R233*",0.547,"non"
"R335*",NA,"non"
"T131A",-1.341,"htsp"
"Q214*",1.456,"non"
"P248fs*5",2.123,"non"
"Q219*",0.409,"non"
"Q219*",0.409,"non"
"T319fs*1",-0.124,"non"
"F21fs*23",-0.77,"non"
"R233*",0.547,"non"
"F238fs*18",1.585,"non"
"R173C",-1.306,"htsp"
"R130Q",-1.372,"htsp"
"C136W",-0.617,"non"
"G127R",-1.353,"htsp"
"R55fs*2",-0.413,"non"
"R47K",-1.353,"htsp"
"Y27fs*27",-1.233,"htsp"
"G209E",0.208,"non"
"S287*",1.488,"non"
"R173C",-1.306,"htsp"
"V175E",-1.058,"non"
"R55M",-0.413,"non"
"K6N",NA,"non"
"L146fs*1",2.672,"non"
"R173C",-1.306,"htsp"
"H123L",-1.332,"htsp"
"E307fs*11",-1.094,"non"
"Q219*",0.409,"non"
"C136fs*41",-0.617,"non"
"Y29*",-0.554,"non"
"A126G",-1.195,"htsp"
"L247*",0.376,"non"
"T277fs*21",-1.198,"htsp"
"D92V",-1.332,"htsp"
"L140*",-0.642,"non"
"R173H",-1.306,"htsp"
"R130*",-1.372,"htsp"
"R14fs*29",-0.171,"non"
"R130fs*50",-1.372,"htsp"
"F21L",-0.77,"non"
"R130*",-1.372,"htsp"
"P248fs*5",2.123,"non"
"W111*",-0.349,"non"
"R173H",-1.306,"htsp"
"Y27fs*27",-1.233,"htsp"
"E242fs*1",2.367,"non"
"N323fs*2",2.746,"non"
"C136Y",-0.617,"non"
"R233*",0.547,"non"
"Y336*",NA,"non"
"C136R",-0.617,"non"
"H93Y",-1.308,"non"
"N340fs*3",NA,"non"
"W111*",-0.349,"non"
"T319fs*1",-0.124,"non"
"C105Y",-0.593,"htsp"
"V133I",-0.452,"non"
"D24Y",-1.353,"htsp"
"I306fs*6",-0.191,"non"
"R233*",0.547,"non"
"A34fs*10",-1.271,"non"
"R15G",-1.273,"non"
"E256*",0.019,"non"
"Y68fs*6",-0.549,"htsp"
"N49fs*3",-0.18,"non"
"R130*",-1.372,"htsp"
"R308C",-0.601,"non"
"E7D",NA,"non"
"V290fs*8",1.38,"non"
"N323fs*2",2.746,"non"
"L182*",-0.244,"non"
"N276D",-1.121,"non"
"K128E",-1.277,"htsp"
"Q17*",0.718,"non"
"L108F",-0.766,"non"
"K183fs*15",0.71,"non"
"R130*",-1.372,"htsp"
"E201*",0.783,"non"
"H196P",0.683,"non"
"G129E",-1.268,"htsp"
"Y174D",-1.183,"non"
"A126V",-1.195,"htsp"
"L57fs*6",-1.007,"non"
"R173C",-1.306,"htsp"
"L220P",2.149,"non"
"R173C",-1.306,"htsp"
"R159S",-1.33,"htsp"
"R159T",-1.33,"htsp"
"Y68H",-0.549,"htsp"
"N340fs*5",NA,"non"
"R130*",-1.372,"htsp"
"N292fs*6",0.987,"non"
"Y65D",-0.965,"non"
"T319fs*1",-0.124,"non"
"L98P",-0.355,"non"
"Y65*",-0.965,"non"
"R173C",-1.306,"htsp"
"R233*",0.547,"non"
"A79T",0.198,"htsp"
"S10R",-1.326,"non"
"E299*",-0.877,"non"
"C136R",-0.617,"non"
"Q219*",0.409,"non"
"F81fs*17",-1.139,"non"
"A79T",0.198,"htsp"
"C83fs*9",0.585,"non"
"I8fs*16",0.022,"non"
"E307fs*5",-1.094,"non"
"R233*",0.547,"non"
"R130*",-1.372,"htsp"
"R130*",-1.372,"htsp"
"F238fs*5",1.585,"non"
"P357S",NA,"non"
"D268fs*30",0.379,"non"
"R130*",-1.372,"htsp"
"R335*",NA,"non"
"R130*",-1.372,"htsp"
"R159G",-1.33,"htsp"
"C124S",-1.352,"htsp"
"C105R",-0.593,"htsp"
"P213fs*8",0.152,"non"
"E150*",-0.237,"non"
"Y68fs*6",-0.549,"htsp"
"E157fs*23",0.477,"non"
"G36R",-0.874,"non"
"M35I",-1.347,"htsp"
"D324fs*1",-0.983,"non"
"D324fs*1",-0.468,"non"
"T319fs*4",-0.124,"non"
"D107V",-0.289,"non"
"W274*",-0.817,"non"
"P204L",-0.86,"non"
"R130Q",-1.372,"htsp"
"R142W",0.117,"htsp"
"R173C",-1.306,"htsp"
"E157fs*2",0.477,"non"
"K128N",-1.277,"htsp"
"Y176*",0.911,"non"
"G129R",-1.268,"htsp"
"Q87*",0.642,"non"
"P246L",1.265,"htsp"
"R130Q",-1.372,"htsp"
"R130*",-1.372,"htsp"
"R130*",-1.372,"htsp"
"Y88*",0.334,"non"
"G127*",-1.353,"htsp"
"Y178D",-0.52,"non"
"L57fs*6",-1.007,"non"
"R233*",0.547,"non"
"E150*",-0.237,"non"
"Q214*",1.456,"non"
"C250fs*2",2.563,"non"
"R173H",-1.306,"htsp"
"Y240fs*17",1.892,"non"
"Q17*",0.718,"non"
"R15fs*9",-1.273,"non"
"I33F",-1.221,"htsp"
"D310Y",-0.097,"non"
"K223N",1.195,"non"
"E291Q",0.751,"non"
"E285K",2.138,"non"
"G36V",-0.874,"non"
"R130Q",-1.372,"htsp"
"K267M",0.005,"non"
"D24E",-1.353,"htsp"
"Y16fs*28",-0.361,"non"
"R173H",-1.306,"htsp"
"G156R",0.091,"non"
"Q17*",0.718,"non"
"N340fs*4",NA,"non"
"N63fs*11",0.346,"non"
"Y16*",-0.361,"non"
"R173C",-1.306,"htsp"
"Y27N",-1.233,"htsp"
"E150*",-0.237,"non"
"N323fs*2",2.746,"non"
"R173C",-1.306,"htsp"
"P204L",-0.86,"non"
"Y138fs*9",-0.248,"htsp"
"Y68S",-0.549,"htsp"
"D19G",-0.134,"non"
"R161fs*4",1.128,"non"
"T319fs*5",-0.124,"non"
"V45fs*9",0.475,"htsp"
"T319fs*1",-0.124,"non"
"R130*",-1.372,"htsp"
"R233*",0.547,"non"
"G127*",-1.353,"htsp"
"D326fs*2",0,"non"
"N63fs*11",0.346,"non"
"P169fs*3",-1.127,"non"
"H123Y",-1.332,"htsp"
"P244fs*12",2.577,"non"
"I5T",NA,"non"
"C124Y",-1.352,"htsp"
"E242Q",2.367,"non"
"D236N",1.381,"non"
"N69fs*31",-1.353,"non"
"T319fs*1",-0.124,"non"
"P169T",-1.127,"non"
"P246L",1.265,"htsp"
"Q171H",-1.351,"htsp"
"C136*",-0.617,"non"
"N334H",NA,"non"
"R130L",-1.372,"htsp"
"D331fs*12",NA,"non"
"Q87*",0.642,"non"
"S338fs*3",NA,"non"
"R74fs*25",-0.713,"non"
"H123Y",-1.332,"htsp"
"A120V",-0.743,"non"
"L325I",1.353,"non"
"C136W",-0.617,"non"
"Y336*",NA,"non"
"T26fs*16",-0.544,"non"
"R130*",-1.372,"htsp"
"T167fs*16",-1.132,"non"
"P95S",-0.618,"htsp"
"H93Y",-1.308,"non"
"L152P",-0.481,"non"
"E157*",0.477,"non"
"D24N",-1.353,"htsp"
"R130fs*4",-1.372,"htsp"
"C124R",-1.352,"htsp"
"K342N",NA,"non"
"Q17*",0.718,"non"
"E43fs*11",-1.105,"non"
"Y27C",-1.233,"htsp"
"Y65C",-0.965,"non"
"Q171K",-1.351,"htsp"
"D326fs*1",0,"non"
"A126D",-1.195,"htsp"
"T160I",-1.19,"non"
"N31I",-0.842,"htsp"
"R130G",-1.372,"htsp"
"N292fs*6",0.987,"non"
"R173H",-1.306,"htsp"
"Q171*",-1.351,"htsp"
"R173C",-1.306,"htsp"
"E242fs*1",2.367,"non"
"P95T",-0.618,"htsp"
"H64fs*10",-0.27,"non"
"Q17fs*28",0.718,"non"
"R335*",NA,"non"
"L316fs*6",0.673,"non"
"Q171K",-1.351,"htsp"
"F341fs*3",NA,"non"
"R130G",-1.372,"htsp"
"K60*",-0.372,"non"
"G165E",-1.267,"htsp"
"R130*",-1.372,"htsp"
"E285*",2.138,"non"
"G36R",-0.874,"non"
"Y46*",-0.895,"non"
"E150fs*1",-0.237,"non"
"D52N",-0.358,"non"
"D297fs*10",-0.531,"non"
"E242*",2.367,"non"
"L57fs*6",-1.007,"non"
"R172K",-0.161,"non"
"K163*",0.648,"non"
"R335*",NA,"non"
"Y16*",-0.361,"non"
"A120P",-0.743,"non"
"R173C",-1.306,"htsp"
"A126D",-1.195,"htsp"
"Q171*",-1.351,"htsp"
"F347I",NA,"non"
"R173H",-1.306,"htsp"
"E299*",-0.877,"non"
"C105F",-0.593,"htsp"
"H93Y",-1.308,"non"
"R15S",-1.273,"non"
"Y225*",0.509,"non"
"Q97*",0.355,"non"
"R233*",0.547,"non"
"L320*",-0.513,"non"
"L320*",-0.513,"non"
"E150*",-0.237,"non"
"V290fs*1",1.38,"non"
"F56S",-1.017,"non"
"R233*",0.547,"non"
"L325fs*4",1.353,"non"
"G132R",-1.313,"htsp"
"M270T",-0.068,"non"
"R233*",0.547,"non"
"F104V",-0.623,"non"
"P246L",1.265,"htsp"
"S113N",0.879,"non"
"E201*",0.783,"non"
"T26P",-0.544,"non"
"I101T",-0.914,"htsp"
"V45I",0.475,"htsp"
"P38R",-1.324,"htsp"
"Y176*",0.911,"non"
"N323fs*2",2.746,"non"
"Y155C",-1.019,"htsp"
"R173C",-1.306,"htsp"
"F104fs*2",-0.623,"non"
"R130Q",-1.372,"htsp"
"R130Q",-1.372,"htsp"
"T131N",-1.341,"htsp"
"E7*",NA,"non"
"N323fs*21",2.746,"non"
"C250fs*2",2.563,"non"
"S338fs*5",NA,"non"
"R335*",NA,"non"
"Q298*",1.142,"non"
"A79T",0.198,"htsp"
"E307fs*5",-1.094,"non"
"Y88*",0.334,"non"
"R233*",0.547,"non"
"R233*",0.547,"non"
"R173C",-1.306,"htsp"
"G165R",-1.267,"htsp"
"N334fs*9",NA,"non"
"C136Y",-0.617,"non"
"T319fs*1",-0.124,"non"
"L140*",-0.642,"non"
"D19fs*22",-0.134,"non"
"R159M",-1.33,"htsp"
"R130Q",-1.372,"htsp"
"R130Q",-1.372,"htsp"
"H123P",-1.332,"htsp"
"C124W",-1.352,"htsp"
"N292fs*6",0.987,"non"
"E299*",-0.877,"non"
"A126T",-1.195,"htsp"
"Y240*",1.892,"non"
"M35I",-1.347,"htsp"
"D24Y",-1.353,"htsp"
"E157*",0.477,"non"
"S170I",-1.315,"htsp"
"G165E",-1.267,"htsp"
"P354L",NA,"non"
"N276fs*20",-1.121,"non"
"R173H",-1.306,"htsp"
"T319fs*1",-0.124,"non"
"E106*",0.732,"non"
"R233*",0.547,"non"
"L247*",0.376,"non"
"N117fs*9",1.149,"non"
"T277I",-1.198,"htsp"
"P38R",-1.324,"htsp"
"D92G",-1.332,"htsp"
"R173H",-1.306,"htsp"
"H93Y",-1.308,"non"
"L320*",-0.513,"non"
"R130G",-1.372,"htsp"
"Y68H",-0.549,"htsp"
"R233*",0.547,"non"
"I101fs*12",-0.914,"htsp"
"R130*",-1.372,"htsp"
"R130G",-1.372,"htsp"
"I122fs*14",-0.641,"non"
"T319fs*1",-0.124,"non"
"T277K",-1.198,"htsp"
"P38T",-1.324,"htsp"
"M35V",-1.347,"htsp"
"G129R",-1.268,"htsp"
"N311K",0.206,"non"
"F257L",-0.43,"non"
"M134V",-1.021,"htsp"
"R173H",-1.306,"htsp"
