sample_id,mut_count,msi_final,msi_MLH,msi_RNF,cna_frac
TCGA-3L-AA1B-01,139,MSS,0,0,0.1127
TCGA-4N-A93T-01,111,MSS,0,0,0.313
TCGA-4T-AA8H-01,150,MSS,0,0,0.2816
TCGA-5M-AAT4-01,215,MSS,0,0,0.4095
TCGA-5M-AAT5-01,106,MSS,0,0,0.3435
TCGA-5M-AAT6-01,2328,MSI-H,0,1,0.05
TCGA-5M-AATA-01,91,MSS,0,0,0.1744
TCGA-5M-AATE-01,145,MSS,0,0,0.4018
TCGA-A6-2671-01,137,MSS,0,0,0.4881
TCGA-A6-2674-01,279,MSS,0,0,0.0611
TCGA-A6-2675-01,215,MSS,0,0,0.2208
TCGA-A6-2677-01,305,MSS,0,0,NA
TCGA-A6-2678-01,57,MSS,0,0,0.2501
TCGA-A6-2681-01,308,MSS,0,0,0.3353
TCGA-A6-2683-01,74,MSS,0,0,0.4112
TCGA-A6-2684-01,227,MSS,0,0,NA
TCGA-A6-2685-01,104,MSS,0,0,0.1206
TCGA-A6-2686-01,4880,MSI-H,0,1,0.3306
TCGA-A6-3807-01,103,MSS,0,0,0.3442
TCGA-A6-3808-01,169,MSS,0,0,NA
TCGA-A6-3809-01,1470,MSI-H,0,0,NA
TCGA-A6-3810-01,205,MSS,0,0,NA
TCGA-A6-4105-01,181,MSS,0,0,0.3692
TCGA-A6-4107-01,403,MSS,0,0,0.2565
TCGA-A6-5656-01,138,MSS,0,0,NA
TCGA-A6-5657-01,262,MSS,0,0,0.0871
TCGA-A6-5659-01,498,MSS,0,0,NA
TCGA-A6-5660-01,270,MSS,0,0,0.3504
TCGA-A6-5661-01,3025,MSI-H,0,0,0.0323
TCGA-A6-5662-01,152,MSS,0,0,0.2434
TCGA-A6-5664-01,65,MSS,0,0,0.0607
TCGA-A6-5665-01,4472,MSI-H,0,0,0.0133
TCGA-A6-5666-01,219,MSS,0,0,0.2756
TCGA-A6-5667-01,135,MSS,0,0,0.5465
TCGA-A6-6137-01,140,MSS,0,0,0.1679
TCGA-A6-6138-01,120,MSS,0,0,0.2186
TCGA-A6-6142-01,105,MSS,0,0,0.2569
TCGA-A6-6648-01,100,MSS,0,0,0.3655
TCGA-A6-6649-01,136,MSS,0,0,0.1689
TCGA-A6-6651-01,97,MSS,0,0,0.0914
TCGA-A6-6652-01,94,MSS,0,0,0.3395
TCGA-A6-6653-01,1329,MSI-H,0,1,0.0132
TCGA-A6-6654-01,192,MSS,0,0,0.1377
TCGA-A6-6780-01,1528,MSI-H,0,0,NA
TCGA-A6-6781-01,2352,MSI-H,0,1,NA
TCGA-A6-6782-01,150,MSS,0,0,0.2152
TCGA-A6-A565-01,423,MSI-H,0,0,1e-4
TCGA-A6-A566-01,172,MSS,0,0,0.1209
TCGA-A6-A567-01,62,MSS,0,0,0.308
TCGA-A6-A56B-01,107,MSS,0,0,0.4576
TCGA-AA-3489-01,130,MSS,0,0,0.091
TCGA-AA-3492-01,2521,MSI-H,0,1,0.0047
TCGA-AA-3496-01,176,MSS,0,0,0.3153
TCGA-AA-3502-01,205,MSS,0,0,0.1218
TCGA-AA-3506-01,169,MSS,0,0,0.1853
TCGA-AA-3510-01,3859,MSS,0,0,2e-4
TCGA-AA-3511-01,150,MSS,0,0,0.3049
TCGA-AA-3514-01,65,MSS,0,0,0.0782
TCGA-AA-3517-01,29,MSS,0,0,0.371
TCGA-AA-3519-01,47,MSS,0,0,0.3694
TCGA-AA-3520-01,22,MSS,0,0,0.1899
TCGA-AA-3521-01,21,MSS,0,0,0.2428
TCGA-AA-3522-01,38,MSS,0,0,0.2992
TCGA-AA-3524-01,19,MSS,0,0,0.1879
TCGA-AA-3526-01,26,MSS,0,0,0.1245
TCGA-AA-3527-01,46,MSS,0,0,0.0639
TCGA-AA-3529-01,12,MSS,0,0,0.1815
TCGA-AA-3530-01,94,MSS,0,0,0.1065
TCGA-AA-3531-01,41,MSS,0,0,0.2786
TCGA-AA-3532-01,23,MSS,0,0,0.3778
TCGA-AA-3534-01,23,MSS,0,0,0.7359
TCGA-AA-3538-01,16,MSS,0,0,0.338
TCGA-AA-3544-01,24,MSS,0,0,0.3123
TCGA-AA-3548-01,20,MSS,0,0,0.2886
TCGA-AA-3549-01,21,MSS,0,0,0.2247
TCGA-AA-3558-01,22,MSS,0,0,0.1554
TCGA-AA-3560-01,22,MSS,0,0,0.4374
TCGA-AA-3561-01,19,MSS,0,0,0.2301
TCGA-AA-3655-01,89,MSS,0,0,0.1393
TCGA-AA-3660-01,154,MSS,0,0,0.3384
TCGA-AA-3663-01,2360,MSI-H,0,1,0.0983
TCGA-AA-3664-01,180,MSS,0,0,0.2556
TCGA-AA-3666-01,193,MSS,0,0,0.5738
TCGA-AA-3667-01,91,MSS,0,0,0.2932
TCGA-AA-3673-01,84,MSS,0,0,0.2291
TCGA-AA-3675-01,102,MSS,0,0,0.0556
TCGA-AA-3678-01,78,MSS,0,0,0.2924
TCGA-AA-3679-01,75,MSS,0,0,0.5643
TCGA-AA-3680-01,132,MSS,0,0,0.1345
TCGA-AA-3681-01,117,MSS,0,0,0.3097
TCGA-AA-3684-01,155,MSS,0,0,0.016
TCGA-AA-3685-01,102,MSS,0,0,0.5316
TCGA-AA-3688-01,77,MSS,0,0,0.369
TCGA-AA-3692-01,76,MSS,0,0,0.2305
TCGA-AA-3693-01,166,MSS,0,0,0.3546
TCGA-AA-3695-01,168,MSS,0,0,0.4547
TCGA-AA-3696-01,100,MSS,0,0,0.2657
TCGA-AA-3712-01,149,MSS,0,0,0.5642
TCGA-AA-3713-01,1268,MSI-H,0,0,0.0517
TCGA-AA-3715-01,2524,MSI-H,0,0,0.047
TCGA-AA-3811-01,2281,MSI-H,0,0,0.2961
TCGA-AA-3812-01,135,MSS,0,0,0.0678
TCGA-AA-3814-01,127,MSS,0,0,0.1068
TCGA-AA-3818-01,166,MSS,0,0,0.1748
TCGA-AA-3819-01,225,MSS,0,0,0.1242
TCGA-AA-3821-01,1002,MSI-H,0,0,2e-4
TCGA-AA-3831-01,136,MSS,0,0,0.0012
TCGA-AA-3833-01,717,MSI-H,0,0,2e-4
TCGA-AA-3837-01,142,MSS,0,0,0.2128
TCGA-AA-3841-01,86,MSS,0,0,0.4617
TCGA-AA-3842-01,99,MSS,0,0,0.4471
TCGA-AA-3844-01,130,MSS,0,0,0.3323
TCGA-AA-3845-01,1120,MSI-H,0,0,0.0892
TCGA-AA-3846-01,119,MSS,0,0,0.3878
TCGA-AA-3848-01,164,MSS,0,0,0.1757
TCGA-AA-3850-01,129,MSS,0,0,0.001
TCGA-AA-3851-01,111,MSS,0,0,0.4916
TCGA-AA-3852-01,173,MSS,0,0,0.2282
TCGA-AA-3854-01,166,MSS,0,0,0.1273
TCGA-AA-3855-01,183,MSS,0,0,0.3279
TCGA-AA-3856-01,67,MSS,0,0,0.3329
TCGA-AA-3858-01,74,MSS,0,0,0.2739
TCGA-AA-3864-01,2869,MSI-H,0,0,8e-4
TCGA-AA-3866-01,117,MSS,0,0,0.346
TCGA-AA-3867-01,106,MSS,0,0,0.2456
TCGA-AA-3875-01,135,MSS,0,0,0.0867
TCGA-AA-3877-01,1331,MSI-H,0,0,0.0559
TCGA-AA-3947-01,2843,MSI-H,0,1,0.0014
TCGA-AA-3949-01,1419,MSI-H,0,0,4e-4
TCGA-AA-3950-01,167,MSS,0,0,0.1008
TCGA-AA-3952-01,118,MSS,0,0,0.3808
TCGA-AA-3955-01,161,MSS,0,0,0.3101
TCGA-AA-3956-01,170,MSS,0,0,0.1821
TCGA-AA-3966-01,1411,MSI-H,0,0,0.203
TCGA-AA-3968-01,158,MSS,0,0,0.5075
TCGA-AA-3971-01,98,MSS,0,0,0.4059
TCGA-AA-3973-01,103,MSS,0,0,0.1952
TCGA-AA-3975-01,177,MSS,0,0,0.2591
TCGA-AA-3976-01,100,MSS,0,0,0.4991
TCGA-AA-3977-01,4101,MSS,0,0,8e-4
TCGA-AA-3979-01,152,MSS,0,0,0.2946
TCGA-AA-3980-01,107,MSS,0,0,NA
TCGA-AA-3982-01,142,MSS,0,0,0.1341
TCGA-AA-3984-01,6279,MSS,0,0,0.1573
TCGA-AA-3986-01,105,MSS,0,0,0.0551
TCGA-AA-3989-01,132,MSS,0,0,0.2031
TCGA-AA-3994-01,214,MSS,0,0,0.2117
TCGA-AA-A004-01,81,MSS,0,0,0.3077
TCGA-AA-A00N-01,5981,MSS,0,0,7e-4
TCGA-AA-A00Z-01,16,MSS,0,0,0.1737
TCGA-AA-A010-01,9349,MSS,0,0,0.0056
TCGA-AA-A017-01,68,MSS,0,0,0.231
TCGA-AA-A01C-01,93,MSS,0,0,0.423
TCGA-AA-A01I-01,122,MSS,0,0,0.2417
TCGA-AA-A01P-01,1040,MSI-H,0,0,3e-4
TCGA-AA-A01R-01,1958,MSI-H,0,0,0.0832
TCGA-AA-A01S-01,58,MSS,0,0,0.2205
TCGA-AA-A01T-01,107,MSS,0,0,0.3861
TCGA-AA-A01V-01,126,MSS,0,0,1e-4
TCGA-AA-A01X-01,76,MSS,0,0,0.522
TCGA-AA-A01Z-01,103,MSS,0,0,0.1752
TCGA-AA-A022-01,1841,MSI-H,0,1,0.1452
TCGA-AA-A024-01,99,MSS,0,0,6e-4
TCGA-AA-A02E-01,184,MSS,0,0,0.5898
TCGA-AA-A02F-01,70,MSS,0,0,0.5801
TCGA-AA-A02H-01,84,MSS,0,0,0.4195
TCGA-AA-A02O-01,191,MSS,0,0,0.2498
TCGA-AA-A02R-01,1390,MSI-H,0,0,0.0464
TCGA-AA-A02W-01,101,MSS,0,0,0.4626
TCGA-AA-A02Y-01,125,MSS,0,0,0.1905
TCGA-AA-A03F-01,148,MSS,0,0,0
TCGA-AA-A03J-01,101,MSS,0,0,0.4677
TCGA-AD-5900-01,1846,MSI-H,0,0,0.1197
TCGA-AD-6548-01,137,MSS,0,0,0.0752
TCGA-AD-6888-01,129,MSS,0,0,0.1853
TCGA-AD-6889-01,2119,MSI-H,1,1,8e-4
TCGA-AD-6890-01,123,MSS,0,0,0.1853
TCGA-AD-6895-01,1896,MSI-H,0,1,0.0019
TCGA-AD-6899-01,162,MSS,0,0,0.2038
TCGA-AD-6901-01,263,MSS,0,0,0.2971
TCGA-AD-6963-01,97,MSS,0,0,0.1973
TCGA-AD-6964-01,1714,MSI-H,0,1,0.0111
TCGA-AD-6965-01,127,MSS,0,0,0.3464
TCGA-AD-A5EJ-01,1794,MSI-H,1,1,0.0114
TCGA-AD-A5EK-01,93,MSS,0,0,0.9127
TCGA-AF-2687-01,111,MSS,0,0,0.2505
TCGA-AF-2689-01,68,MSS,0,0,0.433
TCGA-AF-2690-01,78,MSS,0,0,0.4372
TCGA-AF-2691-01,82,MSS,0,0,0.1282
TCGA-AF-2692-01,24,MSS,0,0,0.4873
TCGA-AF-2693-01,108,MSS,0,0,0.2996
TCGA-AF-3400-01,43,MSS,0,0,0.0601
TCGA-AF-3911-01,98,MSS,0,0,0.47
TCGA-AF-4110-01,102,MSS,0,0,0.2599
TCGA-AF-5654-01,286,MSS,0,0,0.2065
TCGA-AF-6136-01,131,MSS,0,0,0.4803
TCGA-AF-6655-01,79,MSS,0,0,0.3195
TCGA-AF-6672-01,94,MSS,0,0,0.5116
TCGA-AF-A56K-01,110,MSS,0,0,0.2761
TCGA-AF-A56L-01,145,MSS,0,0,0.1725
TCGA-AF-A56N-01,174,MSS,0,0,0.1391
TCGA-AG-3574-01,18,MSS,0,0,0.2278
TCGA-AG-3575-01,19,MSS,0,0,0.1788
TCGA-AG-3580-01,16,MSS,0,0,0.0353
TCGA-AG-3581-01,17,MSS,0,0,0.2427
TCGA-AG-3583-01,23,MSS,0,0,0.2426
TCGA-AG-3584-01,22,MSS,0,0,0.4099
TCGA-AG-3591-01,91,MSS,0,0,0.4369
TCGA-AG-3592-01,299,MSS,0,0,0.4741
TCGA-AG-3594-01,13,MSS,0,0,0.299
TCGA-AG-3598-01,26,MSS,0,0,0.1909
TCGA-AG-3599-01,25,MSS,0,0,0.0382
TCGA-AG-3602-01,17,MSS,0,0,0.2499
TCGA-AG-3605-01,11,MSS,0,0,0.1912
TCGA-AG-3725-01,108,MSS,0,0,0.4077
TCGA-AG-3726-01,170,MSS,0,0,0.2224
TCGA-AG-3727-01,98,MSS,0,0,0.1934
TCGA-AG-3731-01,160,MSS,0,0,0.1624
TCGA-AG-3732-01,95,MSS,0,0,0.3005
TCGA-AG-3742-01,154,MSS,0,0,0.273
TCGA-AG-3878-01,113,MSS,0,0,0
TCGA-AG-3881-01,144,MSS,0,0,0.3911
TCGA-AG-3882-01,90,MSS,0,0,0.386
TCGA-AG-3883-01,141,MSS,0,0,0.47
TCGA-AG-3885-01,103,MSS,0,0,0.3742
TCGA-AG-3887-01,85,MSS,0,0,0.1855
TCGA-AG-3890-01,117,MSS,0,0,0.2781
TCGA-AG-3892-01,3125,MSS,0,0,3e-4
TCGA-AG-3893-01,134,MSS,0,0,0.2903
TCGA-AG-3894-01,113,MSS,0,0,0.0548
TCGA-AG-3896-01,131,MSS,0,0,0.1588
TCGA-AG-3898-01,119,MSS,0,0,0.3854
TCGA-AG-3901-01,67,MSS,0,0,0.0817
TCGA-AG-3902-01,144,MSS,0,0,0.2552
TCGA-AG-3909-01,83,MSS,0,0,0.3082
TCGA-AG-4001-01,124,MSS,0,0,0.2458
TCGA-AG-4008-01,100,MSS,0,0,0.2393
TCGA-AG-4015-01,102,MSS,0,0,0.5071
TCGA-AG-4021-01,157,MSS,0,0,0.2814
TCGA-AG-4022-01,95,MSS,0,0,0.1848
TCGA-AG-A002-01,14431,MSS,0,0,5e-4
TCGA-AG-A008-01,88,MSS,0,0,0.726
TCGA-AG-A00C-01,153,MSS,0,0,0.12
TCGA-AG-A00Y-01,419,MSS,0,0,0.2973
TCGA-AG-A011-01,117,MSS,0,0,0.3248
TCGA-AG-A015-01,110,MSS,0,0,0.9472
TCGA-AG-A016-01,91,MSS,0,0,0.7687
TCGA-AG-A01J-01,107,MSS,0,0,0.1856
TCGA-AG-A01L-01,75,MSS,0,0,0.3084
TCGA-AG-A01N-01,126,MSS,0,0,0.329
TCGA-AG-A01W-01,155,MSS,0,0,0.5073
TCGA-AG-A01Y-01,91,MSS,0,0,0.3297
TCGA-AG-A020-01,96,MSS,0,0,0.1809
TCGA-AG-A026-01,246,MSS,0,0,0.4292
TCGA-AG-A02N-01,1307,MSI-H,1,0,0.098
TCGA-AG-A02X-01,143,MSS,0,0,0.9653
TCGA-AG-A032-01,88,MSS,0,0,0.4336
TCGA-AH-6544-01,156,MSS,0,0,0.4187
TCGA-AH-6547-01,12,MSS,0,0,0
TCGA-AH-6643-01,117,MSS,0,0,0.4515
TCGA-AH-6644-01,133,MSS,0,0,0.3061
TCGA-AH-6897-01,113,MSS,0,0,0.3045
TCGA-AH-6903-01,81,MSS,0,0,0.0329
TCGA-AM-5820-01,77,MSS,0,0,0.2068
TCGA-AM-5821-01,1501,MSI-H,0,0,0.105
TCGA-AU-3779-01,111,MSS,0,0,0.3253
TCGA-AU-6004-01,1195,MSI-H,0,1,0.0505
TCGA-AY-4070-01,182,MSS,0,0,0.3407
TCGA-AY-4071-01,137,MSS,0,0,0.332
TCGA-AY-5543-01,126,MSS,0,0,0.3122
TCGA-AY-6196-01,271,MSS,0,0,0.3042
TCGA-AY-6197-01,1334,MSI-H,0,0,0.0897
TCGA-AY-6386-01,122,MSS,0,0,0.0544
TCGA-AY-A54L-01,176,MSS,0,0,0.1997
TCGA-AY-A69D-01,235,MSS,0,0,0.508
TCGA-AY-A71X-01,105,MSS,0,0,0.0607
TCGA-AY-A8YK-01,78,MSS,0,0,0.2674
TCGA-AZ-4308-01,81,MSS,0,0,0.1974
TCGA-AZ-4315-01,8084,MSS,0,0,0.0013
TCGA-AZ-4323-01,63,MSS,0,0,0.0208
TCGA-AZ-4614-01,226,MSS,0,0,0.3669
TCGA-AZ-4615-01,1044,MSI-H,0,1,0.0587
TCGA-AZ-4616-01,102,MSS,0,0,0.2654
TCGA-AZ-4681-01,94,MSS,0,0,0.238
TCGA-AZ-4682-01,87,MSS,0,0,0.354
TCGA-AZ-5403-01,91,MSS,0,0,0.3092
TCGA-AZ-5407-01,107,MSS,0,0,0.1871
TCGA-AZ-6598-01,2900,MSI-H,0,0,0.2696
TCGA-AZ-6599-01,341,MSS,0,0,0.006
TCGA-AZ-6600-01,152,MSS,0,0,0.4215
TCGA-AZ-6603-01,90,MSS,0,0,0.4096
TCGA-AZ-6605-01,127,MSS,0,0,0.1834
TCGA-AZ-6606-01,165,MSS,0,0,0.2344
TCGA-AZ-6607-01,79,MSS,0,0,0.4338
TCGA-CA-5254-01,222,MSS,0,0,0.465
TCGA-CA-5255-01,65,MSS,0,0,0.1646
TCGA-CA-5256-01,84,MSS,0,0,0.4695
TCGA-CA-5796-01,79,MSS,0,0,0.1135
TCGA-CA-5797-01,76,MSS,0,0,0.415
TCGA-CA-6715-01,112,MSS,0,0,0.2808
TCGA-CA-6716-01,162,MSS,0,0,0.2082
TCGA-CA-6717-01,11389,MSS,0,0,0
TCGA-CA-6718-01,3915,MSS,0,0,0.1047
TCGA-CA-6719-01,132,MSS,0,0,0.4638
TCGA-CI-6619-01,91,MSS,0,0,0.1629
TCGA-CI-6620-01,73,MSS,0,0,0.1593
TCGA-CI-6621-01,132,MSS,0,0,0.2403
TCGA-CI-6622-01,111,MSS,0,0,0.1275
TCGA-CI-6623-01,85,MSS,0,0,0.3018
TCGA-CI-6624-01,309,MSS,0,0,0.1069
TCGA-CK-4947-01,105,MSS,0,0,0.0665
TCGA-CK-4948-01,123,MSS,0,0,0.1586
TCGA-CK-4950-01,182,MSS,0,0,0.2115
TCGA-CK-4951-01,5148,MSI-H,0,1,0.0026
TCGA-CK-4952-01,166,MSS,0,0,0.1547
TCGA-CK-5912-01,80,MSS,0,0,0.4202
TCGA-CK-5913-01,1040,MSI-H,0,1,0.0595
TCGA-CK-5914-01,162,MSS,0,0,0.1255
TCGA-CK-5915-01,104,MSS,0,0,0.1043
TCGA-CK-5916-01,1769,MSI-H,0,0,2e-4
TCGA-CK-6746-01,1497,MSI-H,0,0,0.0504
TCGA-CK-6747-01,202,MSS,0,0,4e-4
TCGA-CK-6748-01,71,MSS,0,0,0.3754
TCGA-CK-6751-01,191,MSS,0,0,0.0042
TCGA-CL-4957-01,105,MSS,0,0,0.3134
TCGA-CL-5917-01,83,MSS,0,0,0.3502
TCGA-CL-5918-01,151,MSS,0,0,0.2572
TCGA-CM-4743-01,1371,MSI-H,0,0,0.0047
TCGA-CM-4744-01,170,MSS,0,0,0.1898
TCGA-CM-4746-01,900,MSI-H,1,0,0.1196
TCGA-CM-4747-01,104,MSS,0,0,0.4449
TCGA-CM-4748-01,79,MSS,0,0,0.0119
TCGA-CM-4750-01,99,MSS,0,0,0.2858
TCGA-CM-4751-01,103,MSS,0,0,0.1867
TCGA-CM-4752-01,145,MSS,0,0,0.4029
TCGA-CM-5341-01,179,MSS,0,0,0.2701
TCGA-CM-5344-01,81,MSS,0,0,0.3266
TCGA-CM-5348-01,206,MSS,0,0,0.2869
TCGA-CM-5349-01,118,MSS,0,0,0.278
TCGA-CM-5860-01,124,MSS,0,0,0.1713
TCGA-CM-5861-01,1754,MSI-H,0,0,0.0847
TCGA-CM-5862-01,107,MSS,0,0,0.6764
TCGA-CM-5863-01,75,MSS,0,0,0.0736
TCGA-CM-5864-01,205,MSS,0,0,0.3226
TCGA-CM-5868-01,97,MSS,0,0,0.2237
TCGA-CM-6161-01,106,MSS,0,0,0.0216
TCGA-CM-6162-01,1168,MSI-H,0,0,5e-4
TCGA-CM-6163-01,112,MSS,0,0,0.5061
TCGA-CM-6164-01,77,MSS,0,0,0.1404
TCGA-CM-6165-01,136,MSS,0,0,0.1076
TCGA-CM-6166-01,100,MSS,0,0,0.3279
TCGA-CM-6167-01,90,MSS,0,0,0.0986
TCGA-CM-6168-01,249,MSS,0,0,0.1088
TCGA-CM-6169-01,116,MSS,0,0,0.1635
TCGA-CM-6170-01,101,MSS,0,0,0.3913
TCGA-CM-6171-01,1436,MSI-H,1,0,0.0463
TCGA-CM-6172-01,102,MSS,0,0,0.2643
TCGA-CM-6674-01,1024,MSI-H,1,0,1e-4
TCGA-CM-6675-01,104,MSS,0,0,0.3954
TCGA-CM-6676-01,113,MSS,0,0,0.2052
TCGA-CM-6677-01,157,MSS,0,0,0.3427
TCGA-CM-6678-01,142,MSS,0,0,0.1951
TCGA-CM-6679-01,85,MSS,0,0,0.2426
TCGA-CM-6680-01,100,MSS,0,0,0.0354
TCGA-D5-5537-01,112,MSS,0,0,0.4083
TCGA-D5-5538-01,138,MSS,0,0,0.198
TCGA-D5-5539-01,113,MSS,0,0,0.166
TCGA-D5-5540-01,133,MSS,0,0,0.2999
TCGA-D5-5541-01,73,MSS,0,0,0.3206
TCGA-D5-6529-01,120,MSS,0,0,0.1168
TCGA-D5-6530-01,1323,MSI-H,0,0,0.0078
TCGA-D5-6531-01,217,MSS,0,0,0.6453
TCGA-D5-6532-01,123,MSS,0,0,0.1541
TCGA-D5-6533-01,189,MSS,0,0,0.5398
TCGA-D5-6534-01,178,MSS,0,0,0.2042
TCGA-D5-6535-01,191,MSS,0,0,0.5387
TCGA-D5-6536-01,124,MSS,0,0,0.2667
TCGA-D5-6537-01,121,MSS,0,0,0.3193
TCGA-D5-6538-01,149,MSS,0,0,0.4326
TCGA-D5-6539-01,110,MSS,0,0,0.2188
TCGA-D5-6540-01,1483,MSI-H,0,0,0.0765
TCGA-D5-6541-01,99,MSS,0,0,0.0831
TCGA-D5-6898-01,81,MSS,0,0,0.3116
TCGA-D5-6920-01,127,MSS,0,0,0.0217
TCGA-D5-6922-01,119,MSS,0,0,0.4461
TCGA-D5-6924-01,167,MSS,0,0,0.1867
TCGA-D5-6926-01,132,MSS,0,0,0.2269
TCGA-D5-6927-01,815,MSI-H,0,0,4e-4
TCGA-D5-6928-01,1946,MSI-H,0,1,0.0111
TCGA-D5-6929-01,136,MSS,0,0,0.1669
TCGA-D5-6930-01,1459,MSI-H,0,1,0.0012
TCGA-D5-6931-01,335,MSS,0,0,0.1751
TCGA-D5-6932-01,154,MSS,0,0,0.223
TCGA-D5-7000-01,122,MSS,0,0,0.2052
TCGA-DC-4745-01,80,MSS,0,0,0.404
TCGA-DC-4749-01,79,MSS,0,0,0.4852
TCGA-DC-5337-01,109,MSS,0,0,0.028
TCGA-DC-5869-01,88,MSS,0,0,0.4085
TCGA-DC-6154-01,102,MSS,0,0,0.3525
TCGA-DC-6155-01,65,MSS,0,0,0.4458
TCGA-DC-6157-01,113,MSS,0,0,0.4915
TCGA-DC-6158-01,110,MSS,0,0,0.4611
TCGA-DC-6160-01,95,MSS,0,0,0.2459
TCGA-DC-6681-01,84,MSS,0,0,0.058
TCGA-DC-6682-01,145,MSS,0,0,0.2024
TCGA-DC-6683-01,79,MSS,0,0,0.3538
TCGA-DM-A0X9-01,204,MSS,0,0,0.1966
TCGA-DM-A0XD-01,191,MSS,0,0,0.1362
TCGA-DM-A0XF-01,141,MSS,0,0,0.2678
TCGA-DM-A1D0-01,123,MSS,0,0,0.2443
TCGA-DM-A1D4-01,194,MSS,0,0,0.2455
TCGA-DM-A1D6-01,121,MSS,0,0,0.2642
TCGA-DM-A1D7-01,152,MSS,0,0,0.1597
TCGA-DM-A1D8-01,190,MSS,0,0,0.3676
TCGA-DM-A1D9-01,158,MSS,0,0,0.2667
TCGA-DM-A1DA-01,318,MSS,0,0,0.7719
TCGA-DM-A1DB-01,86,MSS,0,0,0.3363
TCGA-DM-A1HA-01,161,MSS,0,0,0.3085
TCGA-DM-A1HB-01,1420,MSI-H,0,0,4e-4
TCGA-DM-A280-01,145,MSS,0,0,0.0942
TCGA-DM-A282-01,115,MSS,0,0,0.0625
TCGA-DM-A285-01,202,MSS,0,0,0.4602
TCGA-DM-A288-01,99,MSS,0,0,0.4907
TCGA-DM-A28A-01,154,MSS,0,0,0.2699
TCGA-DM-A28C-01,124,MSS,0,0,0.0342
TCGA-DM-A28E-01,105,MSS,0,0,0.1164
TCGA-DM-A28F-01,279,MSS,0,0,0.30620000000000003
TCGA-DM-A28G-01,126,MSS,0,0,0.0516
TCGA-DM-A28H-01,146,MSS,0,0,0.2122
TCGA-DM-A28K-01,119,MSS,0,0,0.2298
TCGA-DM-A28M-01,110,MSS,0,0,0.0692
TCGA-DT-5265-01,96,MSS,0,0,0.2911
TCGA-DY-A0XA-01,152,MSS,0,0,0.314
TCGA-DY-A1DC-01,167,MSS,0,0,0.2741
TCGA-DY-A1DD-01,146,MSS,0,0,0.3114
TCGA-DY-A1DF-01,145,MSS,0,0,0.5784
TCGA-DY-A1DG-01,185,MSS,0,0,0.4299
TCGA-DY-A1H8-01,107,MSS,0,0,0.2282
TCGA-EF-5830-01,80,MSS,0,0,0.2437
TCGA-EI-6506-01,147,MSS,0,0,0.1474
TCGA-EI-6507-01,1133,MSI-H,0,0,0.0475
TCGA-EI-6508-01,119,MSS,0,0,0.194
TCGA-EI-6509-01,65,MSS,0,0,0.2606
TCGA-EI-6510-01,127,MSS,0,0,0.2942
TCGA-EI-6511-01,89,MSS,0,0,0.3252
TCGA-EI-6512-01,144,MSS,0,0,0.2885
TCGA-EI-6513-01,176,MSS,0,0,0.2863
TCGA-EI-6514-01,122,MSS,0,0,0.3525
TCGA-EI-6881-01,117,MSS,0,0,0.1479
TCGA-EI-6882-01,1445,MSI-H,0,0,0.0419
TCGA-EI-6883-01,106,MSS,0,0,0.4144
TCGA-EI-6884-01,126,MSS,0,0,0.1951
TCGA-EI-6885-01,111,MSS,0,0,0.2335
TCGA-EI-6917-01,5918,MSS,0,0,9e-4
TCGA-EI-7002-01,186,MSS,0,0,0.5407
TCGA-EI-7004-01,113,MSS,0,0,0.318
TCGA-F4-6459-01,155,MSS,0,0,0.3075
TCGA-F4-6460-01,165,MSS,0,0,0.5944
TCGA-F4-6461-01,166,MSS,0,0,0.0581
TCGA-F4-6463-01,77,MSS,0,0,0.1206
TCGA-F4-6569-01,133,MSS,0,0,0.1586
TCGA-F4-6570-01,1997,MSI-H,0,0,0.051
TCGA-F4-6703-01,601,MSI-H,0,0,0
TCGA-F4-6704-01,89,MSS,0,0,0.3791
TCGA-F4-6805-01,80,MSS,0,0,0.1049
TCGA-F4-6806-01,123,MSS,0,0,0.1242
TCGA-F4-6807-01,186,MSS,0,0,0.2021
TCGA-F4-6808-01,146,MSS,0,0,0.2891
TCGA-F4-6809-01,186,MSS,0,0,0.1669
TCGA-F4-6854-01,128,MSS,0,0,0.2267
TCGA-F4-6855-01,123,MSS,0,0,0.3419
TCGA-F4-6856-01,1198,MSI-H,0,0,0.0146
TCGA-F5-6464-01,112,MSS,0,0,0.2378
TCGA-F5-6465-01,114,MSS,0,0,0.3351
TCGA-F5-6571-01,96,MSS,0,0,0.2455
TCGA-F5-6702-01,77,MSS,0,0,0.3903
TCGA-F5-6810-01,134,MSS,0,0,0.3152
TCGA-F5-6811-01,96,MSS,0,0,0.3801
TCGA-F5-6812-01,99,MSS,0,0,0.3174
TCGA-F5-6813-01,144,MSS,0,0,0.4134
TCGA-F5-6814-01,11494,MSS,0,0,0.0284
TCGA-F5-6861-01,109,MSS,0,0,0.0696
TCGA-F5-6863-01,83,MSS,0,0,0.4128
TCGA-F5-6864-01,165,MSS,0,0,0.2658
TCGA-G4-6293-01,128,MSS,0,0,0.109
TCGA-G4-6294-01,179,MSS,0,0,0.1888
TCGA-G4-6295-01,253,MSS,0,0,0.5968
TCGA-G4-6297-01,190,MSS,0,0,0.2799
TCGA-G4-6298-01,191,MSS,0,0,0.3193
TCGA-G4-6299-01,186,MSS,0,0,0.2049
TCGA-G4-6302-01,2085,MSI-H,0,1,0
TCGA-G4-6303-01,102,MSS,0,0,0.3983
TCGA-G4-6304-01,1107,MSI-H,0,0,2e-4
TCGA-G4-6306-01,123,MSS,0,0,0.2501
TCGA-G4-6307-01,93,MSS,0,0,0.2746
TCGA-G4-6309-01,965,MSI-H,0,0,8e-4
TCGA-G4-6311-01,306,MSS,0,0,0.1236
TCGA-G4-6315-01,163,MSS,0,0,0.0857
TCGA-G4-6317-01,106,MSS,0,0,0.4029
TCGA-G4-6320-01,2475,MSI-H,0,0,0.1286
TCGA-G4-6321-01,89,MSS,0,0,3e-4
TCGA-G4-6322-01,213,MSS,0,0,0.1146
TCGA-G4-6323-01,118,MSS,0,0,0.0096
TCGA-G4-6586-01,1379,MSI-H,0,0,0.045
TCGA-G4-6588-01,2495,MSI-H,1,1,0.0033
TCGA-G4-6626-01,150,MSS,0,0,0.4974
TCGA-G4-6627-01,106,MSS,0,0,0.0213
TCGA-G4-6628-01,2259,MSI-H,0,1,0.0885
TCGA-G5-6641-01,106,MSS,0,0,0.2193
TCGA-NH-A50T-01,138,MSS,0,0,0.4128
TCGA-NH-A50U-01,101,MSS,0,0,0.5291
TCGA-NH-A50V-01,181,MSS,0,0,0.1895
TCGA-NH-A5IV-01,3101,MSI-H,0,1,8e-4
TCGA-NH-A6GA-01,105,MSS,0,0,0.3715
TCGA-NH-A6GB-01,200,MSS,0,0,0.1527
TCGA-NH-A6GC-01,144,MSS,0,0,0.5911
TCGA-NH-A8F7-01,142,MSS,0,0,0.405
TCGA-NH-A8F8-01,136,MSS,0,0,0.3075
TCGA-QG-A5YV-01,189,MSS,0,0,0.4264
TCGA-QG-A5YW-01,173,MSS,0,0,0.4458
TCGA-QG-A5YX-01,101,MSS,0,0,0.2323
TCGA-QG-A5Z1-01,110,MSS,0,0,0.272
TCGA-QG-A5Z2-01,1236,MSI-H,0,0,2e-4
TCGA-QL-A97D-01,280,MSS,0,0,0.2828
TCGA-RU-A8FL-01,170,MSS,0,0,0.2344
TCGA-SS-A7HO-01,178,MSS,0,0,0.3774
TCGA-T9-A92H-01,214,MSS,0,0,0.1742
TCGA-WS-AB45-01,3060,MSI-H,0,1,0.0053
