sample_id,mut_count,msi_final
TCGA-3L-AA1B-01,139,MSS
TCGA-4N-A93T-01,111,MSS
TCGA-4T-AA8H-01,150,MSS
TCGA-5M-AAT4-01,215,MSS
TCGA-5M-AAT5-01,106,MSS
TCGA-5M-AAT6-01,2328,MSI-H
TCGA-5M-AATA-01,91,MSS
TCGA-5M-AATE-01,145,MSS
TCGA-A6-2671-01,137,MSS
TCGA-A6-2674-01,279,MSS
TCGA-A6-2675-01,215,MSS
TCGA-A6-2677-01,305,MSS
TCGA-A6-2678-01,57,MSS
TCGA-A6-2681-01,308,MSS
TCGA-A6-2683-01,74,MSS
TCGA-A6-2684-01,227,MSS
TCGA-A6-2685-01,104,MSS
TCGA-A6-2686-01,4880,MSI-H
TCGA-A6-3807-01,103,MSS
TCGA-A6-3808-01,169,MSS
TCGA-A6-3809-01,1470,MSI-H
TCGA-A6-3810-01,205,MSS
TCGA-A6-4105-01,181,MSS
TCGA-A6-4107-01,403,MSS
TCGA-A6-5656-01,138,MSS
TCGA-A6-5657-01,262,MSS
TCGA-A6-5659-01,498,MSS
TCGA-A6-5660-01,270,MSS
TCGA-A6-5661-01,3025,MSI-H
TCGA-A6-5662-01,152,MSS
TCGA-A6-5664-01,65,MSS
TCGA-A6-5665-01,4472,MSI-H
TCGA-A6-5666-01,219,MSS
TCGA-A6-5667-01,135,MSS
TCGA-A6-6137-01,140,MSS
TCGA-A6-6138-01,120,MSS
TCGA-A6-6142-01,105,MSS
TCGA-A6-6648-01,100,MSS
TCGA-A6-6649-01,136,MSS
TCGA-A6-6651-01,97,MSS
TCGA-A6-6652-01,94,MSS
TCGA-A6-6653-01,1329,MSI-H
TCGA-A6-6654-01,192,MSS
TCGA-A6-6780-01,1528,MSI-H
TCGA-A6-6781-01,2352,MSI-H
TCGA-A6-6782-01,150,MSS
TCGA-A6-A565-01,423,MSI-H
TCGA-A6-A566-01,172,MSS
TCGA-A6-A567-01,62,MSS
TCGA-A6-A56B-01,107,MSS
TCGA-AA-3489-01,130,MSS
TCGA-AA-3492-01,2521,MSI-H
TCGA-AA-3496-01,176,MSS
TCGA-AA-3502-01,205,MSS
TCGA-AA-3506-01,169,MSS
TCGA-AA-3510-01,3859,MSS
TCGA-AA-3511-01,150,MSS
TCGA-AA-3514-01,65,MSS
TCGA-AA-3517-01,29,MSS
TCGA-AA-3519-01,47,MSS
TCGA-AA-3520-01,22,MSS
TCGA-AA-3521-01,21,MSS
TCGA-AA-3522-01,38,MSS
TCGA-AA-3524-01,19,MSS
TCGA-AA-3526-01,26,MSS
TCGA-AA-3527-01,46,MSS
TCGA-AA-3529-01,12,MSS
TCGA-AA-3530-01,94,MSS
TCGA-AA-3531-01,41,MSS
TCGA-AA-3532-01,23,MSS
TCGA-AA-3534-01,23,MSS
TCGA-AA-3538-01,16,MSS
TCGA-AA-3544-01,24,MSS
TCGA-AA-3548-01,20,MSS
TCGA-AA-3549-01,21,MSS
TCGA-AA-3558-01,22,MSS
TCGA-AA-3560-01,22,MSS
TCGA-AA-3561-01,19,MSS
TCGA-AA-3655-01,89,MSS
TCGA-AA-3660-01,154,MSS
TCGA-AA-3663-01,2360,MSI-H
TCGA-AA-3664-01,180,MSS
TCGA-AA-3666-01,193,MSS
TCGA-AA-3667-01,91,MSS
TCGA-AA-3673-01,84,MSS
TCGA-AA-3675-01,102,MSS
TCGA-AA-3678-01,78,MSS
TCGA-AA-3679-01,75,MSS
TCGA-AA-3680-01,132,MSS
TCGA-AA-3681-01,117,MSS
TCGA-AA-3684-01,155,MSS
TCGA-AA-3685-01,102,MSS
TCGA-AA-3688-01,77,MSS
TCGA-AA-3692-01,76,MSS
TCGA-AA-3693-01,166,MSS
TCGA-AA-3695-01,168,MSS
TCGA-AA-3696-01,100,MSS
TCGA-AA-3712-01,149,MSS
TCGA-AA-3713-01,1268,MSI-H
TCGA-AA-3715-01,2524,MSI-H
TCGA-AA-3811-01,2281,MSI-H
TCGA-AA-3812-01,135,MSS
TCGA-AA-3814-01,127,MSS
TCGA-AA-3818-01,166,MSS
TCGA-AA-3819-01,225,MSS
TCGA-AA-3821-01,1002,MSI-H
TCGA-AA-3831-01,136,MSS
TCGA-AA-3833-01,717,MSI-H
TCGA-AA-3837-01,142,MSS
TCGA-AA-3841-01,86,MSS
TCGA-AA-3842-01,99,MSS
TCGA-AA-3844-01,130,MSS
TCGA-AA-3845-01,1120,MSI-H
TCGA-AA-3846-01,119,MSS
TCGA-AA-3848-01,164,MSS
TCGA-AA-3850-01,129,MSS
TCGA-AA-3851-01,111,MSS
TCGA-AA-3852-01,173,MSS
TCGA-AA-3854-01,166,MSS
TCGA-AA-3855-01,183,MSS
TCGA-AA-3856-01,67,MSS
TCGA-AA-3858-01,74,MSS
TCGA-AA-3864-01,2869,MSI-H
TCGA-AA-3866-01,117,MSS
TCGA-AA-3867-01,106,MSS
TCGA-AA-3875-01,135,MSS
TCGA-AA-3877-01,1331,MSI-H
TCGA-AA-3947-01,2843,MSI-H
TCGA-AA-3949-01,1419,MSI-H
TCGA-AA-3950-01,167,MSS
TCGA-AA-3952-01,118,MSS
TCGA-AA-3955-01,161,MSS
TCGA-AA-3956-01,170,MSS
TCGA-AA-3966-01,1411,MSI-H
TCGA-AA-3968-01,158,MSS
TCGA-AA-3971-01,98,MSS
TCGA-AA-3973-01,103,MSS
TCGA-AA-3975-01,177,MSS
TCGA-AA-3976-01,100,MSS
TCGA-AA-3977-01,4101,MSS
TCGA-AA-3979-01,152,MSS
TCGA-AA-3980-01,107,MSS
TCGA-AA-3982-01,142,MSS
TCGA-AA-3984-01,6279,MSS
TCGA-AA-3986-01,105,MSS
TCGA-AA-3989-01,132,MSS
TCGA-AA-3994-01,214,MSS
TCGA-AA-A004-01,81,MSS
TCGA-AA-A00N-01,5981,MSS
TCGA-AA-A00Z-01,16,MSS
TCGA-AA-A010-01,9349,MSS
TCGA-AA-A017-01,68,MSS
TCGA-AA-A01C-01,93,MSS
TCGA-AA-A01I-01,122,MSS
TCGA-AA-A01P-01,1040,MSI-H
TCGA-AA-A01R-01,1958,MSI-H
TCGA-AA-A01S-01,58,MSS
TCGA-AA-A01T-01,107,MSS
TCGA-AA-A01V-01,126,MSS
TCGA-AA-A01X-01,76,MSS
TCGA-AA-A01Z-01,103,MSS
TCGA-AA-A022-01,1841,MSI-H
TCGA-AA-A024-01,99,MSS
TCGA-AA-A02E-01,184,MSS
TCGA-AA-A02F-01,70,MSS
TCGA-AA-A02H-01,84,MSS
TCGA-AA-A02O-01,191,MSS
TCGA-AA-A02R-01,1390,MSI-H
TCGA-AA-A02W-01,101,MSS
TCGA-AA-A02Y-01,125,MSS
TCGA-AA-A03F-01,148,MSS
TCGA-AA-A03J-01,101,MSS
TCGA-AD-5900-01,1846,MSI-H
TCGA-AD-6548-01,137,MSS
TCGA-AD-6888-01,129,MSS
TCGA-AD-6889-01,2119,MSI-H
TCGA-AD-6890-01,123,MSS
TCGA-AD-6895-01,1896,MSI-H
TCGA-AD-6899-01,162,MSS
TCGA-AD-6901-01,263,MSS
TCGA-AD-6963-01,97,MSS
TCGA-AD-6964-01,1714,MSI-H
TCGA-AD-6965-01,127,MSS
TCGA-AD-A5EJ-01,1794,MSI-H
TCGA-AD-A5EK-01,93,MSS
TCGA-AF-2687-01,111,MSS
TCGA-AF-2689-01,68,MSS
TCGA-AF-2690-01,78,MSS
TCGA-AF-2691-01,82,MSS
TCGA-AF-2692-01,24,MSS
TCGA-AF-2693-01,108,MSS
TCGA-AF-3400-01,43,MSS
TCGA-AF-3911-01,98,MSS
TCGA-AF-4110-01,102,MSS
TCGA-AF-5654-01,286,MSS
TCGA-AF-6136-01,131,MSS
TCGA-AF-6655-01,79,MSS
TCGA-AF-6672-01,94,MSS
TCGA-AF-A56K-01,110,MSS
TCGA-AF-A56L-01,145,MSS
TCGA-AF-A56N-01,174,MSS
TCGA-AG-3574-01,18,MSS
TCGA-AG-3575-01,19,MSS
TCGA-AG-3580-01,16,MSS
TCGA-AG-3581-01,17,MSS
TCGA-AG-3583-01,23,MSS
TCGA-AG-3584-01,22,MSS
TCGA-AG-3591-01,91,MSS
TCGA-AG-3592-01,299,MSS
TCGA-AG-3594-01,13,MSS
TCGA-AG-3598-01,26,MSS
TCGA-AG-3599-01,25,MSS
TCGA-AG-3602-01,17,MSS
TCGA-AG-3605-01,11,MSS
TCGA-AG-3725-01,108,MSS
TCGA-AG-3726-01,170,MSS
TCGA-AG-3727-01,98,MSS
TCGA-AG-3731-01,160,MSS
TCGA-AG-3732-01,95,MSS
TCGA-AG-3742-01,154,MSS
TCGA-AG-3878-01,113,MSS
TCGA-AG-3881-01,144,MSS
TCGA-AG-3882-01,90,MSS
TCGA-AG-3883-01,141,MSS
TCGA-AG-3885-01,103,MSS
TCGA-AG-3887-01,85,MSS
TCGA-AG-3890-01,117,MSS
TCGA-AG-3892-01,3125,MSS
TCGA-AG-3893-01,134,MSS
TCGA-AG-3894-01,113,MSS
TCGA-AG-3896-01,131,MSS
TCGA-AG-3898-01,119,MSS
TCGA-AG-3901-01,67,MSS
TCGA-AG-3902-01,144,MSS
TCGA-AG-3909-01,83,MSS
TCGA-AG-4001-01,124,MSS
TCGA-AG-4008-01,100,MSS
TCGA-AG-4015-01,102,MSS
TCGA-AG-4021-01,157,MSS
TCGA-AG-4022-01,95,MSS
TCGA-AG-A002-01,14431,MSS
TCGA-AG-A008-01,88,MSS
TCGA-AG-A00C-01,153,MSS
TCGA-AG-A00Y-01,419,MSS
TCGA-AG-A011-01,117,MSS
TCGA-AG-A015-01,110,MSS
TCGA-AG-A016-01,91,MSS
TCGA-AG-A01J-01,107,MSS
TCGA-AG-A01L-01,75,MSS
TCGA-AG-A01N-01,126,MSS
TCGA-AG-A01W-01,155,MSS
TCGA-AG-A01Y-01,91,MSS
TCGA-AG-A020-01,96,MSS
TCGA-AG-A026-01,246,MSS
TCGA-AG-A02N-01,1307,MSI-H
TCGA-AG-A02X-01,143,MSS
TCGA-AG-A032-01,88,MSS
TCGA-AH-6544-01,156,MSS
TCGA-AH-6547-01,12,MSS
TCGA-AH-6643-01,117,MSS
TCGA-AH-6644-01,133,MSS
TCGA-AH-6897-01,113,MSS
TCGA-AH-6903-01,81,MSS
TCGA-AM-5820-01,77,MSS
TCGA-AM-5821-01,1501,MSI-H
TCGA-AU-3779-01,111,MSS
TCGA-AU-6004-01,1195,MSI-H
TCGA-AY-4070-01,182,MSS
TCGA-AY-4071-01,137,MSS
TCGA-AY-5543-01,126,MSS
TCGA-AY-6196-01,271,MSS
TCGA-AY-6197-01,1334,MSI-H
TCGA-AY-6386-01,122,MSS
TCGA-AY-A54L-01,176,MSS
TCGA-AY-A69D-01,235,MSS
TCGA-AY-A71X-01,105,MSS
TCGA-AY-A8YK-01,78,MSS
TCGA-AZ-4308-01,81,MSS
TCGA-AZ-4315-01,8084,MSS
TCGA-AZ-4323-01,63,MSS
TCGA-AZ-4614-01,226,MSS
TCGA-AZ-4615-01,1044,MSI-H
TCGA-AZ-4616-01,102,MSS
TCGA-AZ-4681-01,94,MSS
TCGA-AZ-4682-01,87,MSS
TCGA-AZ-5403-01,91,MSS
TCGA-AZ-5407-01,107,MSS
TCGA-AZ-6598-01,2900,MSI-H
TCGA-AZ-6599-01,341,MSS
TCGA-AZ-6600-01,152,MSS
TCGA-AZ-6603-01,90,MSS
TCGA-AZ-6605-01,127,MSS
TCGA-AZ-6606-01,165,MSS
TCGA-AZ-6607-01,79,MSS
TCGA-CA-5254-01,222,MSS
TCGA-CA-5255-01,65,MSS
TCGA-CA-5256-01,84,MSS
TCGA-CA-5796-01,79,MSS
TCGA-CA-5797-01,76,MSS
TCGA-CA-6715-01,112,MSS
TCGA-CA-6716-01,162,MSS
TCGA-CA-6717-01,11389,MSS
TCGA-CA-6718-01,3915,MSS
TCGA-CA-6719-01,132,MSS
TCGA-CI-6619-01,91,MSS
TCGA-CI-6620-01,73,MSS
TCGA-CI-6621-01,132,MSS
TCGA-CI-6622-01,111,MSS
TCGA-CI-6623-01,85,MSS
TCGA-CI-6624-01,309,MSS
TCGA-CK-4947-01,105,MSS
TCGA-CK-4948-01,123,MSS
TCGA-CK-4950-01,182,MSS
TCGA-CK-4951-01,5148,MSI-H
TCGA-CK-4952-01,166,MSS
TCGA-CK-5912-01,80,MSS
TCGA-CK-5913-01,1040,MSI-H
TCGA-CK-5914-01,162,MSS
TCGA-CK-5915-01,104,MSS
TCGA-CK-5916-01,1769,MSI-H
TCGA-CK-6746-01,1497,MSI-H
TCGA-CK-6747-01,202,MSS
TCGA-CK-6748-01,71,MSS
TCGA-CK-6751-01,191,MSS
TCGA-CL-4957-01,105,MSS
TCGA-CL-5917-01,83,MSS
TCGA-CL-5918-01,151,MSS
TCGA-CM-4743-01,1371,MSI-H
TCGA-CM-4744-01,170,MSS
TCGA-CM-4746-01,900,MSI-H
TCGA-CM-4747-01,104,MSS
TCGA-CM-4748-01,79,MSS
TCGA-CM-4750-01,99,MSS
TCGA-CM-4751-01,103,MSS
TCGA-CM-4752-01,145,MSS
TCGA-CM-5341-01,179,MSS
TCGA-CM-5344-01,81,MSS
TCGA-CM-5348-01,206,MSS
TCGA-CM-5349-01,118,MSS
TCGA-CM-5860-01,124,MSS
TCGA-CM-5861-01,1754,MSI-H
TCGA-CM-5862-01,107,MSS
TCGA-CM-5863-01,75,MSS
TCGA-CM-5864-01,205,MSS
TCGA-CM-5868-01,97,MSS
TCGA-CM-6161-01,106,MSS
TCGA-CM-6162-01,1168,MSI-H
TCGA-CM-6163-01,112,MSS
TCGA-CM-6164-01,77,MSS
TCGA-CM-6165-01,136,MSS
TCGA-CM-6166-01,100,MSS
TCGA-CM-6167-01,90,MSS
TCGA-CM-6168-01,249,MSS
TCGA-CM-6169-01,116,MSS
TCGA-CM-6170-01,101,MSS
TCGA-CM-6171-01,1436,MSI-H
TCGA-CM-6172-01,102,MSS
TCGA-CM-6674-01,1024,MSI-H
TCGA-CM-6675-01,104,MSS
TCGA-CM-6676-01,113,MSS
TCGA-CM-6677-01,157,MSS
TCGA-CM-6678-01,142,MSS
TCGA-CM-6679-01,85,MSS
TCGA-CM-6680-01,100,MSS
TCGA-D5-5537-01,112,MSS
TCGA-D5-5538-01,138,MSS
TCGA-D5-5539-01,113,MSS
TCGA-D5-5540-01,133,MSS
TCGA-D5-5541-01,73,MSS
TCGA-D5-6529-01,120,MSS
TCGA-D5-6530-01,1323,MSI-H
TCGA-D5-6531-01,217,MSS
TCGA-D5-6532-01,123,MSS
TCGA-D5-6533-01,189,MSS
TCGA-D5-6534-01,178,MSS
TCGA-D5-6535-01,191,MSS
TCGA-D5-6536-01,124,MSS
TCGA-D5-6537-01,121,MSS
TCGA-D5-6538-01,149,MSS
TCGA-D5-6539-01,110,MSS
TCGA-D5-6540-01,1483,MSI-H
TCGA-D5-6541-01,99,MSS
TCGA-D5-6898-01,81,MSS
TCGA-D5-6920-01,127,MSS
TCGA-D5-6922-01,119,MSS
TCGA-D5-6924-01,167,MSS
TCGA-D5-6926-01,132,MSS
TCGA-D5-6927-01,815,MSI-H
TCGA-D5-6928-01,1946,MSI-H
TCGA-D5-6929-01,136,MSS
TCGA-D5-6930-01,1459,MSI-H
TCGA-D5-6931-01,335,MSS
TCGA-D5-6932-01,154,MSS
TCGA-D5-7000-01,122,MSS
TCGA-DC-4745-01,80,MSS
TCGA-DC-4749-01,79,MSS
TCGA-DC-5337-01,109,MSS
TCGA-DC-5869-01,88,MSS
TCGA-DC-6154-01,102,MSS
TCGA-DC-6155-01,65,MSS
TCGA-DC-6157-01,113,MSS
TCGA-DC-6158-01,110,MSS
TCGA-DC-6160-01,95,MSS
TCGA-DC-6681-01,84,MSS
TCGA-DC-6682-01,145,MSS
TCGA-DC-6683-01,79,MSS
TCGA-DM-A0X9-01,204,MSS
TCGA-DM-A0XD-01,191,MSS
TCGA-DM-A0XF-01,141,MSS
TCGA-DM-A1D0-01,123,MSS
TCGA-DM-A1D4-01,194,MSS
TCGA-DM-A1D6-01,121,MSS
TCGA-DM-A1D7-01,152,MSS
TCGA-DM-A1D8-01,190,MSS
TCGA-DM-A1D9-01,158,MSS
TCGA-DM-A1DA-01,318,MSS
TCGA-DM-A1DB-01,86,MSS
TCGA-DM-A1HA-01,161,MSS
TCGA-DM-A1HB-01,1420,MSI-H
TCGA-DM-A280-01,145,MSS
TCGA-DM-A282-01,115,MSS
TCGA-DM-A285-01,202,MSS
TCGA-DM-A288-01,99,MSS
TCGA-DM-A28A-01,154,MSS
TCGA-DM-A28C-01,124,MSS
TCGA-DM-A28E-01,105,MSS
TCGA-DM-A28F-01,279,MSS
TCGA-DM-A28G-01,126,MSS
TCGA-DM-A28H-01,146,MSS
TCGA-DM-A28K-01,119,MSS
TCGA-DM-A28M-01,110,MSS
TCGA-DT-5265-01,96,MSS
TCGA-DY-A0XA-01,152,MSS
TCGA-DY-A1DC-01,167,MSS
TCGA-DY-A1DD-01,146,MSS
TCGA-DY-A1DF-01,145,MSS
TCGA-DY-A1DG-01,185,MSS
TCGA-DY-A1H8-01,107,MSS
TCGA-EF-5830-01,80,MSS
TCGA-EI-6506-01,147,MSS
TCGA-EI-6507-01,1133,MSI-H
TCGA-EI-6508-01,119,MSS
TCGA-EI-6509-01,65,MSS
TCGA-EI-6510-01,127,MSS
TCGA-EI-6511-01,89,MSS
TCGA-EI-6512-01,144,MSS
TCGA-EI-6513-01,176,MSS
TCGA-EI-6514-01,122,MSS
TCGA-EI-6881-01,117,MSS
TCGA-EI-6882-01,1445,MSI-H
TCGA-EI-6883-01,106,MSS
TCGA-EI-6884-01,126,MSS
TCGA-EI-6885-01,111,MSS
TCGA-EI-6917-01,5918,MSS
TCGA-EI-7002-01,186,MSS
TCGA-EI-7004-01,113,MSS
TCGA-F4-6459-01,155,MSS
TCGA-F4-6460-01,165,MSS
TCGA-F4-6461-01,166,MSS
TCGA-F4-6463-01,77,MSS
TCGA-F4-6569-01,133,MSS
TCGA-F4-6570-01,1997,MSI-H
TCGA-F4-6703-01,601,MSI-H
TCGA-F4-6704-01,89,MSS
TCGA-F4-6805-01,80,MSS
TCGA-F4-6806-01,123,MSS
TCGA-F4-6807-01,186,MSS
TCGA-F4-6808-01,146,MSS
TCGA-F4-6809-01,186,MSS
TCGA-F4-6854-01,128,MSS
TCGA-F4-6855-01,123,MSS
TCGA-F4-6856-01,1198,MSI-H
TCGA-F5-6464-01,112,MSS
TCGA-F5-6465-01,114,MSS
TCGA-F5-6571-01,96,MSS
TCGA-F5-6702-01,77,MSS
TCGA-F5-6810-01,134,MSS
TCGA-F5-6811-01,96,MSS
TCGA-F5-6812-01,99,MSS
TCGA-F5-6813-01,144,MSS
TCGA-F5-6814-01,11494,MSS
TCGA-F5-6861-01,109,MSS
TCGA-F5-6863-01,83,MSS
TCGA-F5-6864-01,165,MSS
TCGA-G4-6293-01,128,MSS
TCGA-G4-6294-01,179,MSS
TCGA-G4-6295-01,253,MSS
TCGA-G4-6297-01,190,MSS
TCGA-G4-6298-01,191,MSS
TCGA-G4-6299-01,186,MSS
TCGA-G4-6302-01,2085,MSI-H
TCGA-G4-6303-01,102,MSS
TCGA-G4-6304-01,1107,MSI-H
TCGA-G4-6306-01,123,MSS
TCGA-G4-6307-01,93,MSS
TCGA-G4-6309-01,965,MSI-H
TCGA-G4-6311-01,306,MSS
TCGA-G4-6315-01,163,MSS
TCGA-G4-6317-01,106,MSS
TCGA-G4-6320-01,2475,MSI-H
TCGA-G4-6321-01,89,MSS
TCGA-G4-6322-01,213,MSS
TCGA-G4-6323-01,118,MSS
TCGA-G4-6586-01,1379,MSI-H
TCGA-G4-6588-01,2495,MSI-H
TCGA-G4-6626-01,150,MSS
TCGA-G4-6627-01,106,MSS
TCGA-G4-6628-01,2259,MSI-H
TCGA-G5-6641-01,106,MSS
TCGA-NH-A50T-01,138,MSS
TCGA-NH-A50U-01,101,MSS
TCGA-NH-A50V-01,181,MSS
TCGA-NH-A5IV-01,3101,MSI-H
TCGA-NH-A6GA-01,105,MSS
TCGA-NH-A6GB-01,200,MSS
TCGA-NH-A6GC-01,144,MSS
TCGA-NH-A8F7-01,142,MSS
TCGA-NH-A8F8-01,136,MSS
TCGA-QG-A5YV-01,189,MSS
TCGA-QG-A5YW-01,173,MSS
TCGA-QG-A5YX-01,101,MSS
TCGA-QG-A5Z1-01,110,MSS
TCGA-QG-A5Z2-01,1236,MSI-H
TCGA-QL-A97D-01,280,MSS
TCGA-RU-A8FL-01,170,MSS
TCGA-SS-A7HO-01,178,MSS
TCGA-T9-A92H-01,214,MSS
TCGA-WS-AB45-01,3060,MSI-H
